meter,target_month,subset,context_max_kw,realised_mean_kw,realised_max_kw,meter_resumes_in_window,forecast_mean_2_0_0_kw,forecast_mean_2_0_1_kw,rmse_2_0_0_kw,rmse_2_0_1_kw
Lamb_assembly_Steven,2017-11,late,0.0005,0.0005,0.0005,False,0.23593,0.0005,0.28707,0.0
Lamb_assembly_Steven,2017-12,late,0.0005,0.0005,0.0005,False,0.16808,0.0005,0.19481,0.0
Lamb_education_Gabriel,2017-06,early,0.0004,0.0004,0.0004,False,1.69583,0.0004,1.8898,0.0
Lamb_education_Gabriel,2017-07,early,0.0004,0.0004,0.0004,False,1.14999,0.0004,1.17619,0.0
Lamb_education_Gabriel,2017-08,late,0.0004,0.0004,0.0004,False,0.46449,0.0004,0.49377,0.0
Lamb_education_Gabriel,2017-09,late,0.0004,0.0004,0.0004,False,0.15326,0.0004,0.16409,0.0
Lamb_education_Gabriel,2017-10,late,0.0004,0.0004,0.0004,False,0.25552,0.0004,0.2558,0.0
Lamb_education_Gabriel,2017-11,late,0.0004,2.06136,32.13,True,0.27049,0.0004,6.74768,6.82958
Lamb_education_Harold,2017-07,early,0.0003,0.0003,0.0003,False,1.0638,0.0003,1.16896,0.0
Lamb_education_Harold,2017-08,late,0.0003,0.0003,0.0003,False,0.87921,0.0003,0.96667,0.0
Lamb_education_Harold,2017-09,late,0.0003,0.0003,0.0003,False,0.20441,0.0003,0.20922,0.0
Lamb_education_Harold,2017-10,late,0.0003,0.0003,0.0003,False,0.14765,0.0003,0.14736,0.0
Lamb_education_Harold,2017-11,late,0.0003,0.0003,0.0003,False,0.70263,0.0003,0.70264,0.0
Lamb_education_Harold,2017-12,late,0.0003,0.0003,0.0003,False,0.16409,0.0003,0.16459,0.0
Lamb_education_Hillary,2017-12,late,0.0002,0.0002,0.0002,False,0.0707,0.0002,0.07051,0.0
Lamb_education_Rick,2017-06,early,0.0003,0.0003,0.0003,False,1.38443,0.0003,1.54798,0.0
Lamb_education_Rick,2017-07,early,0.0003,0.0003,0.0003,False,0.42194,0.0003,0.45804,0.0
Lamb_education_Rick,2017-08,late,0.0003,0.0003,0.0003,False,0.51264,0.0003,0.56023,0.0
Lamb_education_Rick,2017-09,late,0.0003,0.0003,0.0003,False,0.09264,0.0003,0.09306,0.0
Lamb_education_Rick,2017-10,late,0.0003,0.0003,0.0003,False,0.20023,0.0003,0.20062,0.0
Lamb_education_Rick,2017-11,late,0.0003,2.2469,47.71,True,0.24797,0.0003,8.39508,8.46369
Lamb_education_Willetta,2017-04,early,0.0004,0.0004,0.0004,False,0.0004,0.0004,0.0,0.0
Lamb_education_Willetta,2017-05,early,0.0004,0.0004,0.0004,False,0.0004,0.0004,0.0,0.0
Lamb_education_Willetta,2017-06,early,0.0004,0.0004,0.0004,False,0.0004,0.0004,0.0,0.0
Lamb_education_Willetta,2017-07,early,0.0004,0.0004,0.0004,False,0.0004,0.0004,0.0,0.0
Lamb_education_Willetta,2017-08,late,0.0004,0.0004,0.0004,False,0.0004,0.0004,0.0,0.0
Lamb_education_Willetta,2017-09,late,0.0004,0.0004,0.0004,False,0.0004,0.0004,0.0,0.0
Lamb_education_Willetta,2017-10,late,0.0004,0.0004,0.0004,False,0.0004,0.0004,0.0,0.0
Lamb_education_Willetta,2017-11,late,0.0004,0.0004,0.0004,False,0.0004,0.0004,0.0,0.0
Lamb_education_Willetta,2017-12,late,0.0004,0.45626,17.84,True,0.0004,0.0004,2.62029,2.62029
Lamb_lodging_Burt,2017-06,early,0.0002,0.0002,0.0002,False,0.4397,0.0002,0.48109,0.0
Lamb_lodging_Burt,2017-07,early,0.0002,0.0002,0.0002,False,0.19875,0.0002,0.21722,0.0
Lamb_lodging_Burt,2017-08,late,0.0002,0.0002,0.0002,False,0.33462,0.0002,0.36606,0.0
Lamb_lodging_Burt,2017-09,late,0.0002,0.0002,0.0002,False,0.14535,0.0002,0.15952,0.0
Lamb_lodging_Burt,2017-10,late,0.0002,0.0002,0.0002,False,0.05288,0.0002,0.0527,0.0
Lamb_lodging_Burt,2017-11,late,0.0002,3.9932,19.96,True,0.07261,0.0002,6.20215,6.24938
Lamb_office_Jo,2017-09,late,0.0002,0.0002,0.0002,False,0.29214,0.0002,0.31723,0.0
Lamb_office_Jo,2017-10,late,0.0002,0.0002,0.0002,False,0.05368,0.0002,0.05348,0.0
Lamb_office_Jo,2017-11,late,0.0002,0.0002,0.0002,False,0.05404,0.0002,0.05384,0.0
Lamb_office_Jo,2017-12,late,0.0002,0.0002,0.0002,False,0.01802,0.0002,0.01782,0.0
Lamb_office_Raymond,2017-06,early,0.0004,0.0004,0.0004,False,1.81071,0.0004,2.00961,0.0
Lamb_office_Raymond,2017-07,early,0.0004,0.0004,0.0004,False,0.36551,0.0004,0.38361,0.0
Lamb_office_Raymond,2017-08,late,0.0004,0.0004,0.0004,False,0.40185,0.0004,0.49437,0.0
Lamb_office_Raymond,2017-09,late,0.0004,0.0004,0.0004,False,0.11668,0.0004,0.1176,0.0
Lamb_office_Raymond,2017-10,late,0.0004,0.0004,0.0004,False,0.26359,0.0004,0.26382,0.0
Lamb_office_Raymond,2017-11,late,0.0004,1.65266,24.6,True,0.27846,0.0004,5.11606,5.20185
