set,component,improvement_pct,log_ratio,um_low,um_high,kind
BDG2 2017,handover of the daily means (F0 -> F1),7.82,-0.081478,,,difference of two contrasts (point estimate)
BDG2 2017,off-state rule (F1 -> 1.x),0.0,0.0,,,difference of two contrasts (point estimate)
BDG2 2017,within-day anchoring (1.x -> 2.0.0),0.93,-0.009332,,,difference of two contrasts (point estimate)
BDG2 2017,micro-load rule (2.0.0 -> 2.0.1),30.42,-0.362686,,,difference of two contrasts (point estimate)
BDG2 2017,one within-day trust value (2.0.1 -> 2.1),0.09,-0.00093,-0.003896,0.000576,direct contrast
BDG2 2017,all steps (F0 -> 2.1),36.52,-0.454426,-1.355686,-0.087231,direct contrast
BDG2 2017,block-wise weights vs one whole-window combination weight of the same two forecasts (B2),1.05,-0.01053,-0.026013,0.003034,direct contrast
BDG2 2017,weekly vs monthly handover weights,0.43,-0.004319,-0.010247,0.005404,"direct contrast (simplification study, against 2.0.1)"
Cambridge,handover of the daily means (F0 -> F1),2.68,-0.027133,,,difference of two contrasts (point estimate)
Cambridge,off-state rule (F1 -> 1.x),0.0,0.0,,,difference of two contrasts (point estimate)
Cambridge,within-day anchoring (1.x -> 2.0.0),3.52,-0.035835,,,difference of two contrasts (point estimate)
Cambridge,micro-load rule (2.0.0 -> 2.0.1),0.0,0.0,,,difference of two contrasts (point estimate)
Cambridge,one within-day trust value (2.0.1 -> 2.1),0.07,-0.000733,-0.002052,0.000539,direct contrast
Cambridge,all steps (F0 -> 2.1),6.17,-0.063701,-0.092459,-0.043847,direct contrast
Cambridge,block-wise weights vs one whole-window combination weight of the same two forecasts (B2),-1.19,0.011877,0.001569,0.020415,direct contrast
Cambridge,weekly vs monthly handover weights,-0.25,0.002546,-0.001139,0.006138,"direct contrast (simplification study, against 2.0.1)"
HEEW Arizona,handover of the daily means (F0 -> F1),6.5,-0.067191,,,difference of two contrasts (point estimate)
HEEW Arizona,off-state rule (F1 -> 1.x),0.0,0.0,,,difference of two contrasts (point estimate)
HEEW Arizona,within-day anchoring (1.x -> 2.0.0),1.29,-0.013031,,,difference of two contrasts (point estimate)
HEEW Arizona,micro-load rule (2.0.0 -> 2.0.1),0.0,0.0,,,difference of two contrasts (point estimate)
HEEW Arizona,one within-day trust value (2.0.1 -> 2.1),0.06,-0.000558,-0.001566,0.000243,direct contrast
HEEW Arizona,all steps (F0 -> 2.1),7.76,-0.08078,-0.13086,-0.055328,direct contrast
HEEW Arizona,block-wise weights vs one whole-window combination weight of the same two forecasts (B2),0.57,-0.005745,-0.015994,0.000756,direct contrast
HEEW Arizona,weekly vs monthly handover weights,0.16,-0.001585,-0.004853,0.002159,"direct contrast (simplification study, against 2.0.1)"
EWELD,handover of the daily means (F0 -> F1),14.83,-0.16056,,,difference of two contrasts (point estimate)
EWELD,off-state rule (F1 -> 1.x),13.2,-0.141547,,,difference of two contrasts (point estimate)
EWELD,within-day anchoring (1.x -> 2.0.0),0.42,-0.004246,,,difference of two contrasts (point estimate)
EWELD,micro-load rule (2.0.0 -> 2.0.1),0.0,0.0,,,difference of two contrasts (point estimate)
EWELD,one within-day trust value (2.0.1 -> 2.1),0.13,-0.001275,-0.003196,9.6e-05,direct contrast
EWELD,all steps (F0 -> 2.1),26.48,-0.307628,-0.495381,-0.145023,direct contrast
EWELD,block-wise weights vs one whole-window combination weight of the same two forecasts (B2),0.63,-0.006331,-0.018316,0.003107,direct contrast
EWELD,weekly vs monthly handover weights,-0.06,0.000564,-0.003276,0.00711,"direct contrast (simplification study, against 2.0.1)"
GoiEner non-household,handover of the daily means (F0 -> F1),4.78,-0.048932,,,difference of two contrasts (point estimate)
GoiEner non-household,off-state rule (F1 -> 1.x),1.82,-0.018345,,,difference of two contrasts (point estimate)
GoiEner non-household,within-day anchoring (1.x -> 2.0.0),2.53,-0.025608,,,difference of two contrasts (point estimate)
GoiEner non-household,micro-load rule (2.0.0 -> 2.0.1),0.0,0.0,,,difference of two contrasts (point estimate)
GoiEner non-household,one within-day trust value (2.0.1 -> 2.1),0.01,-0.000104,-0.001344,0.002489,direct contrast
GoiEner non-household,all steps (F0 -> 2.1),8.88,-0.092989,-0.15868,-0.049932,direct contrast
GoiEner non-household,block-wise weights vs one whole-window combination weight of the same two forecasts (B2),0.18,-0.001821,-0.019556,0.012426,direct contrast
GoiEner non-household,weekly vs monthly handover weights,-0.17,0.001723,0.000133,0.004405,"direct contrast (simplification study, against 2.0.1)"
GoiEner households,handover of the daily means (F0 -> F1),5.6,-0.057605,,,difference of two contrasts (point estimate)
GoiEner households,off-state rule (F1 -> 1.x),4.28,-0.043692,,,difference of two contrasts (point estimate)
GoiEner households,within-day anchoring (1.x -> 2.0.0),-0.05,0.000515,,,difference of two contrasts (point estimate)
GoiEner households,micro-load rule (2.0.0 -> 2.0.1),0.0,0.0,,,difference of two contrasts (point estimate)
GoiEner households,one within-day trust value (2.0.1 -> 2.1),0.07,-0.000657,-0.002245,0.001296,direct contrast
GoiEner households,all steps (F0 -> 2.1),9.65,-0.101439,-0.202854,-0.057218,direct contrast
GoiEner households,block-wise weights vs one whole-window combination weight of the same two forecasts (B2),1.49,-0.015022,-0.027497,-0.004264,direct contrast
GoiEner households,weekly vs monthly handover weights,-0.21,0.002048,0.000163,0.005454,"direct contrast (simplification study, against 2.0.1)"
Oslo,handover of the daily means (F0 -> F1),-0.91,0.009071,,,difference of two contrasts (point estimate)
Oslo,off-state rule (F1 -> 1.x),0.0,0.0,,,difference of two contrasts (point estimate)
Oslo,within-day anchoring (1.x -> 2.0.0),4.22,-0.04308,,,difference of two contrasts (point estimate)
Oslo,micro-load rule (2.0.0 -> 2.0.1),0.0,0.0,,,difference of two contrasts (point estimate)
Oslo,one within-day trust value (2.0.1 -> 2.1),0.45,-0.004469,-0.00754,-0.002229,direct contrast
Oslo,all steps (F0 -> 2.1),3.77,-0.038478,-0.061907,-0.019483,direct contrast
Oslo,block-wise weights vs one whole-window combination weight of the same two forecasts (B2),-1.84,0.018212,0.006677,0.029622,direct contrast
Oslo,weekly vs monthly handover weights,0.05,-0.000519,-0.004644,0.00387,"direct contrast (simplification study, against 2.0.1)"
Drammen,handover of the daily means (F0 -> F1),0.39,-0.003917,,,difference of two contrasts (point estimate)
Drammen,off-state rule (F1 -> 1.x),0.0,0.0,,,difference of two contrasts (point estimate)
Drammen,within-day anchoring (1.x -> 2.0.0),3.35,-0.034061,,,difference of two contrasts (point estimate)
Drammen,micro-load rule (2.0.0 -> 2.0.1),0.0,0.0,,,difference of two contrasts (point estimate)
Drammen,one within-day trust value (2.0.1 -> 2.1),0.21,-0.002082,-0.003592,-0.000865,direct contrast
Drammen,all steps (F0 -> 2.1),3.93,-0.04006,-0.066447,-0.014081,direct contrast
Drammen,block-wise weights vs one whole-window combination weight of the same two forecasts (B2),-0.78,0.00775,-0.01137,0.023113,direct contrast
Drammen,weekly vs monthly handover weights,0.57,-0.005737,-0.017121,0.002299,"direct contrast (simplification study, against 2.0.1)"
CINELDI,handover of the daily means (F0 -> F1),1.49,-0.015035,,,difference of two contrasts (point estimate)
CINELDI,off-state rule (F1 -> 1.x),0.0,0.0,,,difference of two contrasts (point estimate)
CINELDI,within-day anchoring (1.x -> 2.0.0),2.0,-0.020181,,,difference of two contrasts (point estimate)
CINELDI,micro-load rule (2.0.0 -> 2.0.1),0.0,0.0,,,difference of two contrasts (point estimate)
CINELDI,one within-day trust value (2.0.1 -> 2.1),0.12,-0.001167,-0.002824,0.000612,direct contrast
CINELDI,all steps (F0 -> 2.1),3.57,-0.036383,-0.07096,-0.012719,direct contrast
CINELDI,block-wise weights vs one whole-window combination weight of the same two forecasts (B2),-0.62,0.006212,-0.008903,0.020202,direct contrast
CINELDI,weekly vs monthly handover weights,-0.34,0.003424,-0.001346,0.008687,"direct contrast (simplification study, against 2.0.1)"
Suzhou park,handover of the daily means (F0 -> F1),-1.79,0.017759,,,difference of two contrasts (point estimate)
Suzhou park,off-state rule (F1 -> 1.x),0.0,0.0,,,difference of two contrasts (point estimate)
Suzhou park,within-day anchoring (1.x -> 2.0.0),2.89,-0.029343,,,difference of two contrasts (point estimate)
Suzhou park,micro-load rule (2.0.0 -> 2.0.1),0.0,0.0,,,difference of two contrasts (point estimate)
Suzhou park,one within-day trust value (2.0.1 -> 2.1),0.09,-0.000895,-0.007349,0.005121,direct contrast
Suzhou park,all steps (F0 -> 2.1),1.24,-0.012479,-0.079113,0.048294,direct contrast
Suzhou park,block-wise weights vs one whole-window combination weight of the same two forecasts (B2),0.35,-0.003466,-0.040408,0.024294,direct contrast
Suzhou park,weekly vs monthly handover weights,0.8,-0.008059,-0.025883,0.00758,"direct contrast (simplification study, against 2.0.1)"
