set,tier,unit_set,windows,units,model,model_label,model_class,log_ratio,um_low,um_high,improvement_pct,median_energy_ape_pct
BDG2 2017,test,all units,474,142,ANKYRA,ANKYRA,,0.0,0.0,0.0,0.0,5.264
BDG2 2017,test,all units,474,142,Chronos-2,Chronos-2,"load only, zero-shot foundation model",-0.079688,-0.21702,0.311467,7.66,5.817
BDG2 2017,test,all units,474,142,Chronos-2-X,Chronos-2-X,"same information, zero-shot foundation model",-0.137811,-0.465785,0.115125,12.874,4.999
BDG2 2017,test,all units,474,142,DLinear,DLinear,"load only, trained",-0.574938,-1.726315,-0.089366,43.726,7.36
BDG2 2017,test,all units,474,142,GBT,GBT (zero-shot),zero-shot gradient boosting,-0.749113,-1.261473,-0.388548,52.721,9.051
BDG2 2017,test,all units,474,142,GBT-T,GBT-T,"same information, trained",-0.621698,-1.720094,-0.052909,46.297,5.245
BDG2 2017,test,all units,474,142,Holt-Winters,Holt-Winters,"load only, statistical",-0.470302,-0.683267,-0.270355,37.519,8.913
BDG2 2017,test,all units,474,142,LSTM,LSTM,"load only, trained",-0.6723,-1.766706,-0.190683,48.947,8.314
BDG2 2017,test,all units,474,142,LYR-profile,Last-year profile,profile,-0.358707,-1.178968,-0.03614,30.142,7.144
BDG2 2017,test,all units,474,142,MSTL,MSTL,"load only, statistical",0.166041,-0.270055,1.552771,-18.062,6.662
BDG2 2017,test,all units,474,142,PatchTST,PatchTST,"load only, trained",-0.460555,-1.116236,-0.065444,36.907,6.882
BDG2 2017,test,all units,474,142,RIDGE-L,Ridge (per unit),per-unit regression,-0.556312,-1.435245,-0.043434,42.668,6.349
BDG2 2017,test,all units,474,142,SN-day,Seasonal naive (day),naive,-0.553738,-0.90215,-0.303152,42.52,8.939
BDG2 2017,test,all units,474,142,SN-week,Seasonal naive (week),naive,-0.193012,-0.320334,0.025849,17.553,5.991
BDG2 2017,test,all units,474,142,SP-profile,Previous-month profile,profile,0.434399,-0.249176,1.868822,-54.404,7.186
BDG2 2017,test,all units,474,142,TiDE,TiDE,"same information, trained",-0.568928,-1.603271,-0.082676,43.387,7.394
BDG2 2017,test,all units,474,142,TimesFM,TimesFM,"load only, zero-shot foundation model",-0.126392,-0.233033,0.233403,11.873,5.924
BDG2 2017,test,all units,474,142,TimesFM-X,TimesFM-X,"same information, zero-shot foundation model",-0.619003,-1.558738,-0.148687,46.152,7.802
BDG2 2017,test,all units,474,142,WeekProf4,4-week profile,profile,-0.325958,-0.463164,-0.139722,27.816,7.091
BDG2 2017,test,all units,474,142,iTransformer,iTransformer,"load only, trained",-0.535886,-1.20762,-0.119578,41.485,7.273
BDG2 2017,test,all units,474,142,iTransformer-X,iTransformer-X,"same information, trained",-0.572347,-1.319394,-0.216429,43.58,7.306
BDG2 2017,test,without the three near-zero meters,464,139,ANKYRA,ANKYRA,,0.0,0.0,0.0,0.0,5.278
BDG2 2017,test,without the three near-zero meters,464,139,Chronos-2,Chronos-2,"load only, zero-shot foundation model",-0.134227,-0.26272,0.294523,12.561,5.846
BDG2 2017,test,without the three near-zero meters,464,139,Chronos-2-X,Chronos-2-X,"same information, zero-shot foundation model",-0.002815,-0.336829,0.218097,0.281,5.1
BDG2 2017,test,without the three near-zero meters,464,139,DLinear,DLinear,"load only, trained",-0.075137,-1.042698,0.045557,7.238,7.303
BDG2 2017,test,without the three near-zero meters,464,139,GBT,GBT (zero-shot),zero-shot gradient boosting,-0.467199,-0.987126,-0.254394,37.324,9.003
BDG2 2017,test,without the three near-zero meters,464,139,GBT-T,GBT-T,"same information, trained",-0.089274,-1.243552,0.134229,8.54,4.862
BDG2 2017,test,without the three near-zero meters,464,139,Holt-Winters,Holt-Winters,"load only, statistical",-0.470302,-0.687517,-0.262238,37.519,9.187
BDG2 2017,test,without the three near-zero meters,464,139,LSTM,LSTM,"load only, trained",-0.179194,-1.200113,-0.064042,16.406,8.251
BDG2 2017,test,without the three near-zero meters,464,139,LYR-profile,Last-year profile,profile,-0.186247,-1.104496,0.015445,16.993,7.207
BDG2 2017,test,without the three near-zero meters,464,139,MSTL,MSTL,"load only, statistical",-0.270775,-0.463294,1.343874,23.721,7.012
BDG2 2017,test,without the three near-zero meters,464,139,PatchTST,PatchTST,"load only, trained",-0.126575,-0.736628,0.045945,11.889,6.414
BDG2 2017,test,without the three near-zero meters,464,139,RIDGE-L,Ridge (per unit),per-unit regression,-0.082832,-0.919973,0.109824,7.949,6.13
BDG2 2017,test,without the three near-zero meters,464,139,SN-day,Seasonal naive (day),naive,-0.553738,-0.922145,-0.309807,42.52,9.526
BDG2 2017,test,without the three near-zero meters,464,139,SN-week,Seasonal naive (week),naive,-0.193012,-0.323813,0.023734,17.553,6.335
BDG2 2017,test,without the three near-zero meters,464,139,SP-profile,Previous-month profile,profile,-0.012552,-0.456206,1.377028,1.247,7.344
BDG2 2017,test,without the three near-zero meters,464,139,TiDE,TiDE,"same information, trained",-0.068883,-1.088398,0.05848,6.656,7.079
BDG2 2017,test,without the three near-zero meters,464,139,TimesFM,TimesFM,"load only, zero-shot foundation model",-0.12912,-0.235803,0.250739,12.113,6.066
BDG2 2017,test,without the three near-zero meters,464,139,TimesFM-X,TimesFM-X,"same information, zero-shot foundation model",-0.17394,-1.158839,0.013385,15.965,7.541
BDG2 2017,test,without the three near-zero meters,464,139,WeekProf4,4-week profile,profile,-0.325958,-0.463189,-0.123622,27.816,7.418
BDG2 2017,test,without the three near-zero meters,464,139,iTransformer,iTransformer,"load only, trained",-0.179569,-0.783426,0.008771,16.437,7.141
BDG2 2017,test,without the three near-zero meters,464,139,iTransformer-X,iTransformer-X,"same information, trained",-0.20598,-0.967183,-0.110473,18.615,7.042
Cambridge,test,all units,730,108,ANKYRA,ANKYRA,,0.0,0.0,0.0,0.0,5.337
Cambridge,test,all units,730,108,Chronos-2,Chronos-2,"load only, zero-shot foundation model",-0.242414,-0.349712,-0.09722,21.527,6.149
Cambridge,test,all units,730,108,Chronos-2-X,Chronos-2-X,"same information, zero-shot foundation model",-0.095257,-0.217232,0.096507,9.086,5.001
Cambridge,test,all units,730,108,DLinear,DLinear,"load only, trained",-0.365628,-0.56443,-0.233293,30.624,9.427
Cambridge,test,all units,730,108,GBT,GBT (zero-shot),zero-shot gradient boosting,-0.22305,-0.345747,-0.056174,19.993,5.985
Cambridge,test,all units,730,108,GBT-T,GBT-T,"same information, trained",-0.133727,-0.289665,0.151992,12.517,5.299
Cambridge,test,all units,730,108,Holt-Winters,Holt-Winters,"load only, statistical",-0.363605,-0.523993,-0.200476,30.483,7.611
Cambridge,test,all units,730,108,LSTM,LSTM,"load only, trained",-0.511998,-0.731562,-0.330139,40.07,9.157
Cambridge,test,all units,730,108,LYR-profile,Last-year profile,profile,-0.683119,-0.897406,-0.461044,49.496,9.539
Cambridge,test,all units,730,108,MSTL,MSTL,"load only, statistical",-0.378339,-0.531168,-0.23918,31.5,7.465
Cambridge,test,all units,730,108,PatchTST,PatchTST,"load only, trained",-0.103235,-0.220843,0.018982,9.809,5.928
Cambridge,test,all units,730,108,RIDGE-L,Ridge (per unit),per-unit regression,-0.139082,-0.249008,0.021313,12.984,5.479
Cambridge,test,all units,730,108,SN-day,Seasonal naive (day),naive,-0.618042,-0.833747,-0.472195,46.1,11.533
Cambridge,test,all units,730,108,SN-week,Seasonal naive (week),naive,-0.259322,-0.370045,-0.09735,22.843,6.46
Cambridge,test,all units,730,108,SP-profile,Previous-month profile,profile,-0.191948,-0.362932,-0.041385,17.465,7.19
Cambridge,test,all units,730,108,TiDE,TiDE,"same information, trained",-0.396032,-0.607965,-0.242888,32.702,10.596
Cambridge,test,all units,730,108,TimesFM,TimesFM,"load only, zero-shot foundation model",-0.15777,-0.25722,-0.068921,14.595,5.443
Cambridge,test,all units,730,108,TimesFM-X,TimesFM-X,"same information, zero-shot foundation model",-0.183484,-0.299055,-0.042951,16.764,6.383
Cambridge,test,all units,730,108,WeekProf4,4-week profile,profile,-0.166596,-0.323145,-0.008034,15.346,6.456
Cambridge,test,all units,730,108,iTransformer,iTransformer,"load only, trained",-0.096092,-0.248864,0.123576,9.162,5.783
Cambridge,test,all units,730,108,iTransformer-X,iTransformer-X,"same information, trained",0.040936,-0.102613,0.199686,-4.179,4.778
HEEW Arizona,test,all units,658,138,ANKYRA,ANKYRA,,0.0,0.0,0.0,0.0,5.046
HEEW Arizona,test,all units,658,138,Chronos-2,Chronos-2,"load only, zero-shot foundation model",-0.10975,-0.262206,0.076831,10.394,6.007
HEEW Arizona,test,all units,658,138,Chronos-2-X,Chronos-2-X,"same information, zero-shot foundation model",-0.037733,-0.162921,0.179534,3.703,5.203
HEEW Arizona,test,all units,658,138,DLinear,DLinear,"load only, trained",-0.366636,-0.612082,-0.230979,30.694,8.078
HEEW Arizona,test,all units,658,138,GBT,GBT (zero-shot),zero-shot gradient boosting,-0.254634,-0.401584,-0.090634,22.48,6.467
HEEW Arizona,test,all units,658,138,GBT-T,GBT-T,"same information, trained",-0.077194,-0.252633,0.085602,7.429,5.376
HEEW Arizona,test,all units,658,138,Holt-Winters,Holt-Winters,"load only, statistical",-0.274618,-0.449723,-0.05236,24.014,7.447
HEEW Arizona,test,all units,658,138,LSTM,LSTM,"load only, trained",-0.46106,-0.718083,-0.319793,36.939,8.877
HEEW Arizona,test,all units,658,138,LYR-profile,Last-year profile,profile,-0.722613,-0.973251,-0.482638,51.452,10.044
HEEW Arizona,test,all units,658,138,MSTL,MSTL,"load only, statistical",-0.093485,-0.261944,0.060172,8.925,5.398
HEEW Arizona,test,all units,658,138,PatchTST,PatchTST,"load only, trained",-0.095131,-0.21089,0.062828,9.075,6.274
HEEW Arizona,test,all units,658,138,RIDGE-L,Ridge (per unit),per-unit regression,-0.06268,-0.1967,0.076289,6.076,5.141
HEEW Arizona,test,all units,658,138,SN-day,Seasonal naive (day),naive,-0.30093,-0.478279,-0.12188,25.987,7.109
HEEW Arizona,test,all units,658,138,SN-week,Seasonal naive (week),naive,-0.120827,-0.239018,0.042512,11.381,5.705
HEEW Arizona,test,all units,658,138,SP-profile,Previous-month profile,profile,-0.305371,-0.426971,-0.136898,26.315,6.794
HEEW Arizona,test,all units,658,138,TiDE,TiDE,"same information, trained",-0.357315,-0.576124,-0.232561,30.045,7.934
HEEW Arizona,test,all units,658,138,TimesFM,TimesFM,"load only, zero-shot foundation model",-0.044959,-0.14744,0.134209,4.396,5.403
HEEW Arizona,test,all units,658,138,TimesFM-X,TimesFM-X,"same information, zero-shot foundation model",-0.082139,-0.194688,0.082322,7.886,5.154
HEEW Arizona,test,all units,658,138,WeekProf4,4-week profile,profile,-0.282254,-0.404951,-0.096401,24.592,6.762
HEEW Arizona,test,all units,658,138,iTransformer,iTransformer,"load only, trained",-0.063542,-0.180315,0.087041,6.157,5.337
HEEW Arizona,test,all units,658,138,iTransformer-X,iTransformer-X,"same information, trained",-0.039405,-0.166166,0.122762,3.864,5.188
EWELD,test,all units,523,197,ANKYRA,ANKYRA,,0.0,0.0,0.0,0.0,16.549
EWELD,test,all units,523,197,Chronos-2,Chronos-2,"load only, zero-shot foundation model",-0.160145,-0.388724,0.085591,14.798,14.233
EWELD,test,all units,523,197,Chronos-2-X,Chronos-2-X,"same information, zero-shot foundation model",-0.379358,-0.573294,-0.09463,31.57,17.206
EWELD,test,all units,523,197,DLinear,DLinear,"load only, trained",-0.690282,-1.042044,-0.391611,49.857,19.981
EWELD,test,all units,523,197,GBT,GBT (zero-shot),zero-shot gradient boosting,-0.273495,-0.597474,0.141928,23.928,20.715
EWELD,test,all units,523,197,GBT-T,GBT-T,"same information, trained",-0.602794,-0.900326,-0.188337,45.272,17.326
EWELD,test,all units,523,197,Holt-Winters,Holt-Winters,"load only, statistical",-0.704123,-1.000152,-0.411366,50.546,29.839
EWELD,test,all units,523,197,LSTM,LSTM,"load only, trained",-0.831272,-1.178078,-0.480783,56.45,21.442
EWELD,test,all units,523,197,LYR-profile,Last-year profile,profile,-1.239255,-1.584996,-0.834737,71.04,43.306
EWELD,test,all units,523,197,MSTL,MSTL,"load only, statistical",-0.405068,-0.692987,-0.138304,33.307,21.749
EWELD,test,all units,523,197,PatchTST,PatchTST,"load only, trained",-0.288899,-0.619477,-0.007703,25.091,15.397
EWELD,test,all units,523,197,RIDGE-L,Ridge (per unit),per-unit regression,-0.302741,-0.546536,-0.018021,26.121,14.844
EWELD,test,all units,523,197,SN-day,Seasonal naive (day),naive,-0.328075,-0.562105,-0.10123,27.969,21.185
EWELD,test,all units,523,197,SN-week,Seasonal naive (week),naive,-0.112156,-0.360126,0.145324,10.61,18.29
EWELD,test,all units,523,197,SP-profile,Previous-month profile,profile,-0.328674,-0.672313,-0.070377,28.012,21.219
EWELD,test,all units,523,197,TiDE,TiDE,"same information, trained",-0.676565,-1.027995,-0.361368,49.164,19.117
EWELD,test,all units,523,197,TimesFM,TimesFM,"load only, zero-shot foundation model",-0.082331,-0.298714,0.1414,7.903,16.442
EWELD,test,all units,523,197,TimesFM-X,TimesFM-X,"same information, zero-shot foundation model",-0.206899,-0.467878,0.098049,18.69,14.279
EWELD,test,all units,523,197,WeekProf4,4-week profile,profile,-0.244883,-0.586338,0.019163,21.72,19.907
EWELD,test,all units,523,197,iTransformer,iTransformer,"load only, trained",-0.326773,-0.648563,-0.076732,27.875,17.315
EWELD,test,all units,523,197,iTransformer-X,iTransformer-X,"same information, trained",-0.337266,-0.599228,-0.043021,28.628,16.282
GoiEner non-household,test,all units,890,481,ANKYRA,ANKYRA,,0.0,0.0,0.0,0.0,11.509
GoiEner non-household,test,all units,890,481,Chronos-2,Chronos-2,"load only, zero-shot foundation model",-0.25866,-0.402185,0.036173,22.791,18.198
GoiEner non-household,test,all units,890,481,Chronos-2-X,Chronos-2-X,"same information, zero-shot foundation model",-0.200485,-0.341464,-0.00952,18.167,19.474
GoiEner non-household,test,all units,890,481,DLinear,DLinear,"load only, trained",-0.379201,-0.528958,-0.205149,31.559,15.659
GoiEner non-household,test,all units,890,481,GBT,GBT (zero-shot),zero-shot gradient boosting,-0.631089,-0.750229,-0.363213,46.799,18.899
GoiEner non-household,test,all units,890,481,GBT-T,GBT-T,"same information, trained",-0.676289,-0.920487,-0.25404,49.15,19.001
GoiEner non-household,test,all units,890,481,Holt-Winters,Holt-Winters,"load only, statistical",-0.556658,-0.693737,-0.389989,42.688,20.898
GoiEner non-household,test,all units,890,481,LSTM,LSTM,"load only, trained",-0.315763,-0.484132,-0.153015,27.077,15.077
GoiEner non-household,test,all units,890,481,LYR-profile,Last-year profile,profile,-0.334034,-0.524757,-0.087504,28.397,16.753
GoiEner non-household,test,all units,890,481,MSTL,MSTL,"load only, statistical",-0.498312,-0.627555,-0.347091,39.244,17.586
GoiEner non-household,test,all units,890,481,PatchTST,PatchTST,"load only, trained",-0.255493,-0.39821,-0.097278,22.547,14.989
GoiEner non-household,test,all units,890,481,RIDGE-L,Ridge (per unit),per-unit regression,-0.180524,-0.303622,-0.03934,16.517,12.718
GoiEner non-household,test,all units,890,481,SN-day,Seasonal naive (day),naive,-0.432151,-0.710834,-0.083799,35.089,21.434
GoiEner non-household,test,all units,890,481,SN-week,Seasonal naive (week),naive,-0.234428,-0.444068,0.01778,20.898,14.275
GoiEner non-household,test,all units,890,481,SP-profile,Previous-month profile,profile,-0.516855,-0.658439,-0.350542,40.361,16.748
GoiEner non-household,test,all units,890,481,TiDE,TiDE,"same information, trained",-0.402612,-0.548915,-0.250349,33.143,15.888
GoiEner non-household,test,all units,890,481,TimesFM,TimesFM,"load only, zero-shot foundation model",-0.286606,-0.49534,-0.098689,24.919,18.895
GoiEner non-household,test,all units,890,481,TimesFM-X,TimesFM-X,"same information, zero-shot foundation model",-0.269951,-0.432181,-0.152899,23.658,16.896
GoiEner non-household,test,all units,890,481,WeekProf4,4-week profile,profile,-0.468737,-0.643403,-0.303157,37.421,16.645
GoiEner non-household,test,all units,890,481,iTransformer,iTransformer,"load only, trained",-0.201303,-0.357856,0.037796,18.234,15.166
GoiEner non-household,test,all units,890,481,iTransformer-X,iTransformer-X,"same information, trained",-0.278163,-0.448918,-0.038218,24.283,15.105
GoiEner households,test,all units,696,696,ANKYRA,ANKYRA,,0.0,0.0,0.0,0.0,14.862
GoiEner households,test,all units,696,696,Chronos-2,Chronos-2,"load only, zero-shot foundation model",-0.316307,-0.455095,-0.181906,27.116,25.539
GoiEner households,test,all units,696,696,Chronos-2-X,Chronos-2-X,"same information, zero-shot foundation model",-0.305196,-0.484171,-0.114026,26.302,25.452
GoiEner households,test,all units,696,696,DLinear,DLinear,"load only, trained",-0.15243,-0.302359,-0.030794,14.138,15.806
GoiEner households,test,all units,696,696,GBT,GBT (zero-shot),zero-shot gradient boosting,-0.507003,-0.711907,-0.331536,39.77,23.925
GoiEner households,test,all units,696,696,GBT-T,GBT-T,"same information, trained",-0.173292,-0.422992,0.003093,15.911,15.611
GoiEner households,test,all units,696,696,Holt-Winters,Holt-Winters,"load only, statistical",-0.415838,-0.650062,-0.238426,34.021,24.033
GoiEner households,test,all units,696,696,LSTM,LSTM,"load only, trained",-0.117245,-0.322439,0.042844,11.063,16.091
GoiEner households,test,all units,696,696,LYR-profile,Last-year profile,profile,-0.171089,-0.373939,0.004179,15.725,16.737
GoiEner households,test,all units,696,696,MSTL,MSTL,"load only, statistical",-0.429527,-0.627432,-0.280742,34.918,22.673
GoiEner households,test,all units,696,696,PatchTST,PatchTST,"load only, trained",-0.136589,-0.299971,-0.000559,12.767,15.498
GoiEner households,test,all units,696,696,RIDGE-L,Ridge (per unit),per-unit regression,0.053492,-0.116264,0.195634,-5.495,13.567
GoiEner households,test,all units,696,696,SN-day,Seasonal naive (day),naive,-0.302082,-0.514557,-0.152,26.072,23.037
GoiEner households,test,all units,696,696,SN-week,Seasonal naive (week),naive,0.037841,-0.158315,0.187313,-3.857,15.555
GoiEner households,test,all units,696,696,SP-profile,Previous-month profile,profile,0.042866,-0.160004,0.215928,-4.38,14.223
GoiEner households,test,all units,696,696,TiDE,TiDE,"same information, trained",-0.169396,-0.308499,-0.043634,15.583,15.343
GoiEner households,test,all units,696,696,TimesFM,TimesFM,"load only, zero-shot foundation model",-0.284162,-0.400385,-0.158192,24.736,25.214
GoiEner households,test,all units,696,696,TimesFM-X,TimesFM-X,"same information, zero-shot foundation model",-0.246917,-0.362589,-0.133239,21.879,23.146
GoiEner households,test,all units,696,696,WeekProf4,4-week profile,profile,0.032797,-0.178485,0.205272,-3.334,14.35
GoiEner households,test,all units,696,696,iTransformer,iTransformer,"load only, trained",-0.192305,-0.359912,-0.004375,17.495,17.539
GoiEner households,test,all units,696,696,iTransformer-X,iTransformer-X,"same information, trained",-0.118813,-0.276157,0.031555,11.203,15.813
Suzhou park,preview,all units,64,4,ANKYRA,ANKYRA,,0.0,0.0,0.0,0.0,8.058
Suzhou park,preview,all units,64,4,Chronos-2,Chronos-2,"load only, zero-shot foundation model",-0.393874,-0.856595,0.003195,32.556,11.313
Suzhou park,preview,all units,64,4,Chronos-2-X,Chronos-2-X,"same information, zero-shot foundation model",-0.248189,-0.649905,0.183352,21.979,12.264
Suzhou park,preview,all units,64,4,DLinear,DLinear,"load only, trained",-0.03927,-0.323422,0.185272,3.851,8.316
Suzhou park,preview,all units,64,4,GBT,GBT (zero-shot),zero-shot gradient boosting,-0.589826,-1.107184,-0.117028,44.558,13.548
Suzhou park,preview,all units,64,4,GBT-T,GBT-T,"same information, trained",-0.128912,-0.555068,0.386111,12.095,9.216
Suzhou park,preview,all units,64,4,Holt-Winters,Holt-Winters,"load only, statistical",-0.838455,-1.244128,-0.428198,56.762,19.092
Suzhou park,preview,all units,64,4,LSTM,LSTM,"load only, trained",-0.147391,-0.498583,0.226914,13.704,8.44
Suzhou park,preview,all units,64,4,LYR-profile,Last-year profile,profile,-0.498571,-0.87566,-0.044445,39.26,11.454
Suzhou park,preview,all units,64,4,MSTL,MSTL,"load only, statistical",-0.25894,-0.600011,0.02228,22.813,11.039
Suzhou park,preview,all units,64,4,PatchTST,PatchTST,"load only, trained",-0.333138,-0.782801,0.129951,28.333,9.907
Suzhou park,preview,all units,64,4,RIDGE-L,Ridge (per unit),per-unit regression,-0.10885,-0.398252,0.215699,10.313,10.08
Suzhou park,preview,all units,64,4,SN-day,Seasonal naive (day),naive,-0.564136,-1.117539,-0.076324,43.115,16.952
Suzhou park,preview,all units,64,4,SN-week,Seasonal naive (week),naive,-0.286587,-0.61687,0.134407,24.918,11.426
Suzhou park,preview,all units,64,4,SP-profile,Previous-month profile,profile,-0.531309,-0.819108,-0.282649,41.216,16.783
Suzhou park,preview,all units,64,4,TiDE,TiDE,"same information, trained",-0.038748,-0.299231,0.177092,3.801,8.7
Suzhou park,preview,all units,64,4,TimesFM,TimesFM,"load only, zero-shot foundation model",-0.171997,-0.372351,0.013637,15.802,11.5
Suzhou park,preview,all units,64,4,TimesFM-X,TimesFM-X,"same information, zero-shot foundation model",0.041639,-0.28144,0.373435,-4.252,9.444
Suzhou park,preview,all units,64,4,WeekProf4,4-week profile,profile,-0.49301,-0.76077,-0.25801,38.921,15.806
Suzhou park,preview,all units,64,4,iTransformer,iTransformer,"load only, trained",-0.330541,-0.749075,0.176022,28.147,11.234
Suzhou park,preview,all units,64,4,iTransformer-X,iTransformer-X,"same information, trained",-0.070572,-0.397036,0.272705,6.814,11.472
