set,stratum,windows,units,comparator,log_ratio,um_low,um_high,improvement_pct
BDG2 2017,"10,248 h - 2 years",934,178,TimesFM,-0.059282,-0.078365,0.224457,5.756
BDG2 2017,"10,248 h - 2 years",934,178,ANKYRA-1x,-0.372948,-1.184839,-0.010666,31.13
BDG2 2017,"10,248 h - 2 years",934,178,F0,-0.454426,-1.339826,-0.071657,36.519
BDG2 2017,K_eff 12,934,178,TimesFM,-0.059282,-0.078928,0.219553,5.756
BDG2 2017,K_eff 12,934,178,ANKYRA-1x,-0.372948,-1.134294,-0.009763,31.13
BDG2 2017,K_eff 12,934,178,F0,-0.454426,-1.299715,-0.074121,36.519
Cambridge,"10,248 h - 2 years",101,99,TimesFM,-0.019797,-0.059856,0.023003,1.96
Cambridge,"10,248 h - 2 years",101,99,ANKYRA-1x,-0.00899,-0.016907,8.9e-05,0.895
Cambridge,"10,248 h - 2 years",101,99,F0,-0.080285,-0.170643,-0.018355,7.715
Cambridge,2-3 years,161,93,TimesFM,-0.11261,-0.144363,-0.076487,10.65
Cambridge,2-3 years,161,93,ANKYRA-1x,-0.042244,-0.060654,-0.024513,4.136
Cambridge,2-3 years,161,93,F0,-0.05194,-0.102588,-0.007536,5.061
Cambridge,>= 3 years,1194,117,TimesFM,-0.092145,-0.113339,-0.062666,8.803
Cambridge,>= 3 years,1194,117,ANKYRA-1x,-0.034177,-0.044996,-0.024299,3.36
Cambridge,>= 3 years,1194,117,F0,-0.0646,-0.096043,-0.045032,6.256
Cambridge,K_eff 12,1456,119,TimesFM,-0.101628,-0.121632,-0.070451,9.663
Cambridge,K_eff 12,1456,119,ANKYRA-1x,-0.036568,-0.045639,-0.026709,3.591
Cambridge,K_eff 12,1456,119,F0,-0.063701,-0.092119,-0.043786,6.171
HEEW Arizona,"10,248 h - 2 years",188,123,TimesFM,-0.055697,-0.117211,-0.00539,5.417
HEEW Arizona,"10,248 h - 2 years",188,123,ANKYRA-1x,-0.010067,-0.018783,-0.004035,1.002
HEEW Arizona,"10,248 h - 2 years",188,123,F0,-0.071944,-0.144109,-0.008068,6.942
HEEW Arizona,2-3 years,73,66,TimesFM,-0.058721,-0.133324,0.018314,5.703
HEEW Arizona,2-3 years,73,66,ANKYRA-1x,-0.034783,-0.055772,-0.008534,3.418
HEEW Arizona,2-3 years,73,66,F0,-0.064485,-0.09871,-0.005823,6.245
HEEW Arizona,>= 3 years,1021,140,TimesFM,-0.03194,-0.056025,0.125713,3.144
HEEW Arizona,>= 3 years,1021,140,ANKYRA-1x,-0.012935,-0.018611,-0.007901,1.285
HEEW Arizona,>= 3 years,1021,140,F0,-0.106866,-0.180268,-0.072946,10.135
HEEW Arizona,K_eff 12,1282,142,TimesFM,-0.04654,-0.065897,-0.007142,4.547
HEEW Arizona,K_eff 12,1282,142,ANKYRA-1x,-0.013589,-0.018816,-0.009331,1.35
HEEW Arizona,K_eff 12,1282,142,F0,-0.08078,-0.12866,-0.054207,7.76
EWELD,"< 10,248 h (no annual candidate)",175,169,TimesFM,-0.016231,-0.046517,0.021315,1.61
EWELD,"< 10,248 h (no annual candidate)",175,169,ANKYRA-1x,-0.001469,-0.007962,0.001463,0.147
EWELD,"< 10,248 h (no annual candidate)",175,169,F0,-0.117265,-0.361408,0.014238,11.065
EWELD,"10,248 h - 2 years",266,182,TimesFM,-0.038529,-0.070025,-0.000352,3.78
EWELD,"10,248 h - 2 years",266,182,ANKYRA-1x,-0.008183,-0.014821,-0.002413,0.815
EWELD,"10,248 h - 2 years",266,182,F0,-0.408061,-0.728193,-0.109838,33.506
EWELD,2-3 years,221,149,TimesFM,-0.042998,-0.091461,0.182406,4.209
EWELD,2-3 years,221,149,ANKYRA-1x,-0.007414,-0.017539,-0.003137,0.739
EWELD,2-3 years,221,149,F0,-0.442987,-0.844812,-0.09335,35.788
EWELD,>= 3 years,361,147,TimesFM,-0.018147,-0.056248,0.032316,1.798
EWELD,>= 3 years,361,147,ANKYRA-1x,-0.003517,-0.011497,0.005034,0.351
EWELD,>= 3 years,361,147,F0,-0.357789,-0.706571,-0.158733,30.078
EWELD,K_eff 6-8,147,147,TimesFM,-0.018081,-0.044357,0.016084,1.792
EWELD,K_eff 6-8,147,147,ANKYRA-1x,-0.0,-0.0,0.0,0.0
EWELD,K_eff 6-8,147,147,F0,-0.074753,-0.280012,0.019126,7.203
EWELD,K_eff 9-11,28,28,TimesFM,-0.002039,-0.124847,0.169019,0.204
EWELD,K_eff 9-11,28,28,ANKYRA-1x,-0.007173,-0.046071,0.011433,0.715
EWELD,K_eff 9-11,28,28,F0,-0.318605,-1.482124,0.194454,27.284
EWELD,K_eff 12,848,252,TimesFM,-0.038115,-0.057186,-0.008162,3.74
EWELD,K_eff 12,848,252,ANKYRA-1x,-0.00678,-0.011438,-0.002783,0.676
EWELD,K_eff 12,848,252,F0,-0.394021,-0.612216,-0.198296,32.566
GoiEner non-household,"< 10,248 h (no annual candidate)",470,470,TimesFM,0.011853,-0.012136,0.042431,-1.192
GoiEner non-household,"< 10,248 h (no annual candidate)",470,470,ANKYRA-1x,-3.3e-05,-0.000329,0.0,0.003
GoiEner non-household,"< 10,248 h (no annual candidate)",470,470,F0,-0.078384,-0.219339,-0.029742,7.539
GoiEner non-household,"10,248 h - 2 years",767,438,TimesFM,-0.052436,-0.09297,0.038727,5.108
GoiEner non-household,"10,248 h - 2 years",767,438,ANKYRA-1x,-0.04665,-0.06968,-0.00236,4.558
GoiEner non-household,"10,248 h - 2 years",767,438,F0,-0.117809,-0.189528,-0.070675,11.113
GoiEner non-household,K_eff 9-11,470,470,TimesFM,0.011853,-0.011555,0.04047,-1.192
GoiEner non-household,K_eff 9-11,470,470,ANKYRA-1x,-3.3e-05,-0.000298,0.0,0.003
GoiEner non-household,K_eff 9-11,470,470,F0,-0.078384,-0.205426,-0.03025,7.539
GoiEner non-household,K_eff 12,767,438,TimesFM,-0.052436,-0.093615,0.052316,5.108
GoiEner non-household,K_eff 12,767,438,ANKYRA-1x,-0.04665,-0.069828,-0.006103,4.558
GoiEner non-household,K_eff 12,767,438,F0,-0.117809,-0.183801,-0.070973,11.113
GoiEner households,"< 10,248 h (no annual candidate)",398,398,TimesFM,0.012313,-0.013288,0.073263,-1.239
GoiEner households,"< 10,248 h (no annual candidate)",398,398,ANKYRA-1x,1.2e-05,-0.000219,0.000289,-0.001
GoiEner households,"< 10,248 h (no annual candidate)",398,398,F0,-0.082063,-0.191752,-0.02591,7.879
GoiEner households,"10,248 h - 2 years",860,734,TimesFM,0.029006,-0.009261,0.228463,-2.943
GoiEner households,"10,248 h - 2 years",860,734,ANKYRA-1x,-0.000278,-0.002508,0.010006,0.028
GoiEner households,"10,248 h - 2 years",860,734,F0,-0.11278,-0.353259,-0.05431,10.665
GoiEner households,K_eff 9-11,400,400,TimesFM,0.01234,-0.013053,0.073192,-1.242
GoiEner households,K_eff 9-11,400,400,ANKYRA-1x,6e-06,-0.00026,0.000251,-0.001
GoiEner households,K_eff 9-11,400,400,F0,-0.081684,-0.195569,-0.025869,7.844
GoiEner households,K_eff 12,858,732,TimesFM,0.029037,-0.009001,0.282954,-2.946
GoiEner households,K_eff 12,858,732,ANKYRA-1x,-0.000276,-0.002494,0.010169,0.028
GoiEner households,K_eff 12,858,732,F0,-0.113071,-0.442114,-0.057047,10.691
Oslo,"10,248 h - 2 years",143,45,TimesFM,-0.097047,-0.130341,-0.030436,9.249
Oslo,"10,248 h - 2 years",143,45,ANKYRA-1x,-0.025703,-0.041077,-0.011203,2.538
Oslo,"10,248 h - 2 years",143,45,F0,-0.020115,-0.092682,0.019016,1.991
Oslo,2-3 years,178,45,TimesFM,-0.107608,-0.150058,-0.056609,10.202
Oslo,2-3 years,178,45,ANKYRA-1x,-0.046612,-0.068818,-0.028508,4.554
Oslo,2-3 years,178,45,F0,-0.060484,-0.099888,-0.028117,5.869
Oslo,>= 3 years,826,43,TimesFM,-0.132856,-0.161087,-0.098071,12.441
Oslo,>= 3 years,826,43,ANKYRA-1x,-0.056779,-0.072393,-0.042806,5.52
Oslo,>= 3 years,826,43,F0,-0.048422,-0.076295,-0.028133,4.727
Oslo,K_eff 12,1144,45,TimesFM,-0.119888,-0.14859,-0.094383,11.298
Oslo,K_eff 12,1144,45,ANKYRA-1x,-0.047562,-0.060684,-0.037032,4.645
Oslo,K_eff 12,1144,45,F0,-0.038519,-0.061678,-0.019558,3.779
Drammen,"10,248 h - 2 years",365,44,TimesFM,-0.108545,-0.136041,-0.081109,10.286
Drammen,"10,248 h - 2 years",365,44,ANKYRA-1x,-0.020004,-0.032324,-0.010551,1.981
Drammen,"10,248 h - 2 years",365,44,F0,0.009046,-0.032702,0.044293,-0.909
Drammen,2-3 years,480,43,TimesFM,-0.130221,-0.180878,-0.0772,12.21
Drammen,2-3 years,480,43,ANKYRA-1x,-0.039091,-0.05693,-0.024378,3.834
Drammen,2-3 years,480,43,F0,-0.035691,-0.06977,-0.008426,3.506
Drammen,>= 3 years,530,43,TimesFM,-0.125025,-0.201089,-0.059755,11.752
Drammen,>= 3 years,530,43,ANKYRA-1x,-0.043605,-0.063669,-0.025895,4.267
Drammen,>= 3 years,530,43,F0,-0.06436,-0.109135,-0.028447,6.233
Drammen,K_eff 12,1375,45,TimesFM,-0.121561,-0.158249,-0.087833,11.446
Drammen,K_eff 12,1375,45,ANKYRA-1x,-0.036143,-0.049079,-0.025646,3.55
Drammen,K_eff 12,1375,45,F0,-0.04006,-0.068313,-0.013812,3.927
CINELDI,"10,248 h - 2 years",432,45,TimesFM,-0.07004,-0.100327,-0.023882,6.764
CINELDI,"10,248 h - 2 years",432,45,ANKYRA-1x,-0.018754,-0.032205,-0.007693,1.858
CINELDI,"10,248 h - 2 years",432,45,F0,-0.035622,-0.085025,-0.005838,3.5
CINELDI,2-3 years,497,42,TimesFM,-0.066134,-0.104867,-0.032832,6.4
CINELDI,2-3 years,497,42,ANKYRA-1x,-0.025515,-0.04259,-0.013385,2.519
CINELDI,2-3 years,497,42,F0,-0.042839,-0.08109,-0.019383,4.193
CINELDI,K_eff 9-11,41,41,TimesFM,5e-05,-0.050189,0.065787,-0.005
CINELDI,K_eff 9-11,41,41,ANKYRA-1x,-0.023903,-0.033439,-0.015299,2.362
CINELDI,K_eff 9-11,41,41,F0,-0.143244,-0.220729,-0.080192,13.346
CINELDI,K_eff 12,888,45,TimesFM,-0.069849,-0.099059,-0.036289,6.747
CINELDI,K_eff 12,888,45,ANKYRA-1x,-0.021379,-0.033601,-0.011326,2.115
CINELDI,K_eff 12,888,45,F0,-0.034554,-0.070449,-0.011962,3.396
Suzhou park,"10,248 h - 2 years",37,4,TimesFM,-0.170168,-0.294008,-0.005008,15.648
Suzhou park,"10,248 h - 2 years",37,4,ANKYRA-1x,-0.022467,-0.082668,-0.000519,2.222
Suzhou park,"10,248 h - 2 years",37,4,F0,-0.005115,-0.142877,0.098019,0.51
Suzhou park,2-3 years,48,4,TimesFM,-0.105298,-0.180799,-0.042433,9.994
Suzhou park,2-3 years,48,4,ANKYRA-1x,-0.023798,-0.052155,-0.003394,2.352
Suzhou park,2-3 years,48,4,F0,-0.033119,-0.131698,0.030408,3.258
Suzhou park,>= 3 years,42,4,TimesFM,-0.12573,-0.256127,0.007238,11.815
Suzhou park,>= 3 years,42,4,ANKYRA-1x,-0.052644,-0.125891,-0.00426,5.128
Suzhou park,>= 3 years,42,4,F0,-0.023885,-0.103868,0.060638,2.36
Suzhou park,K_eff 12,126,4,TimesFM,-0.127567,-0.203375,-0.048674,11.977
Suzhou park,K_eff 12,126,4,ANKYRA-1x,-0.030462,-0.066833,-0.006071,3.0
Suzhou park,K_eff 12,126,4,F0,-0.012035,-0.07435,0.051959,1.196
all ten populations,"< 10,248 h (no annual candidate)",1043,1037,TimesFM,0.008207,-0.010197,0.033804,-0.824
all ten populations,"< 10,248 h (no annual candidate)",1043,1037,ANKYRA-1x,-0.000211,-0.00115,0.000195,0.021
all ten populations,"< 10,248 h (no annual candidate)",1043,1037,F0,-0.085141,-0.154402,-0.0432,8.162
all ten populations,"10,248 h - 2 years",4093,1892,TimesFM,-0.021468,-0.04838,0.018411,2.124
all ten populations,"10,248 h - 2 years",4093,1892,ANKYRA-1x,-0.050007,-0.164443,-0.017638,4.878
all ten populations,"10,248 h - 2 years",4093,1892,F0,-0.159888,-0.291804,-0.103296,14.776
all ten populations,2-3 years,1658,442,TimesFM,-0.08072,-0.102675,-0.027615,7.755
all ten populations,2-3 years,1658,442,ANKYRA-1x,-0.029466,-0.037055,-0.024499,2.904
all ten populations,2-3 years,1658,442,F0,-0.162299,-0.258078,-0.055241,14.981
all ten populations,>= 3 years,3974,494,TimesFM,-0.062718,-0.080183,-0.011745,6.079
all ten populations,>= 3 years,3974,494,ANKYRA-1x,-0.023292,-0.029682,-0.019942,2.302
all ten populations,>= 3 years,3974,494,F0,-0.148053,-0.209494,-0.091496,13.761
all ten populations,K_eff 6-8,147,147,TimesFM,-0.018081,-0.045015,0.016283,1.792
all ten populations,K_eff 6-8,147,147,ANKYRA-1x,-0.0,-0.0,0.0,0.0
all ten populations,K_eff 6-8,147,147,F0,-0.074753,-0.305722,0.016058,7.203
all ten populations,K_eff 9-11,943,943,TimesFM,0.011067,-0.008847,0.039984,-1.113
all ten populations,K_eff 9-11,943,943,ANKYRA-1x,-0.001283,-0.003853,0.000156,0.128
all ten populations,K_eff 9-11,943,943,F0,-0.087971,-0.159849,-0.045052,8.421
all ten populations,K_eff 12,9678,2000,TimesFM,-0.027389,-0.054516,0.00422,2.702
all ten populations,K_eff 12,9678,2000,ANKYRA-1x,-0.050565,-0.141658,-0.021012,4.931
all ten populations,K_eff 12,9678,2000,F0,-0.166064,-0.281591,-0.115851,15.301
