set,subset,windows,units,model,model_label,status,RMSE_kW,MAE_kW,CV_RMSE_pct,NMBE_pct,WAPE_pct,WAPE_pooled_pct,units_excluded
LCL households,full,1215,965,ANKYRA,ANKYRA,ok,0.2997974512564175,0.1862555800372896,71.17121614859262,5.582340922266545,43.79812192140406,43.67576539651225,0
LCL households,full,1215,965,Chronos-2-X,Chronos-2-X,ok,0.311395868812664,0.1815438281442582,73.81499266823432,14.03578729444467,42.19862114403725,42.694394373595124,0
LCL households,full,1215,965,Chronos-2,Chronos-2,ok,0.3095557699759207,0.18065872378137887,73.25274948100005,13.566206019539981,41.59682373812914,42.214122029232456,0
LCL households,full,1215,965,DLinear,DLinear,not available,,,,,,,
LCL households,full,1215,965,ANKYRA-1x-archived,ANKYRA 1.x (archived input),ok,0.3018525174736111,0.188909898146614,72.00221519151259,5.0372286461749,44.4239845460925,44.307139169437896,0
LCL households,full,1215,965,GBT-T,GBT-T,not available,,,,,,,
LCL households,full,1215,965,GBT,GBT (zero-shot),ok,0.4628645818390266,0.3233183588393192,95.41102692848071,-12.0138809466735,61.4029309048337,75.52917256007981,0
LCL households,full,1215,965,Holt-Winters,Holt-Winters,ok,0.3493878200429426,0.24331895800153747,80.03343042327644,1.6261747375717435,52.48917781727395,57.061405126380095,0
LCL households,full,1215,965,iTransformer-X,iTransformer-X,not available,,,,,,,
LCL households,full,1215,965,iTransformer,iTransformer,not available,,,,,,,
LCL households,full,1215,965,LSTM,LSTM,not available,,,,,,,
LCL households,full,1215,965,LYR-profile,Last-year profile,ok,0.41398341736242783,0.25171470179133654,98.47759905258204,-1.6529530004723216,59.31307090677973,59.30703533242643,0
LCL households,full,1215,965,MSTL,MSTL,ok,0.38846224443486965,0.25969308354482584,92.58362238764916,1.4017754008878385,59.51722437841409,60.7576873905898,0
LCL households,full,1215,965,PatchTST,PatchTST,not available,,,,,,,
LCL households,full,1215,965,SN-day,Seasonal naive (day),ok,0.40191834220014644,0.24569762423703118,95.34423691206902,1.5620236027522103,56.113787019219984,57.48155530271806,0
LCL households,full,1215,965,SN-week,Seasonal naive (week),ok,0.40187411475115786,0.24093534159689003,96.47609879937613,0.2570318435933428,56.27693094341563,56.46434013920178,0
LCL households,full,1215,965,SP-profile,Previous-month profile,ok,0.3129988903063097,0.20162181308198784,73.83579800400075,0.7369101136052774,47.39764994601545,47.39333590633457,0
LCL households,full,1215,965,TiDE,TiDE,not available,,,,,,,
LCL households,full,1215,965,TimesFM-X,TimesFM-X,ok,0.30897662698605244,0.1862507940399612,73.17829602829158,11.571727170121301,43.37132959578077,43.74891837574081,0
LCL households,full,1215,965,WeekProf4,4-week profile,ok,0.3220230495668313,0.20140134297735512,76.7315352853477,0.9014425369045661,47.02241435729335,47.27030697013506,0
LCL households,full,1215,965,RIDGE-L,Ridge (per unit),ok,0.3037039647216096,0.19671532534185038,72.47550106810021,0.3659320105332551,46.073893819180675,46.2276031650846,0
LCL households,full,1215,965,TimesFM,TimesFM,ok,0.30988501090488146,0.18279082807336522,73.28519652484864,13.694838934545722,42.52082982113366,42.855460670814296,0
LCL households,full,1215,965,ANKYRA-1x-matched,ANKYRA 1.x (matched input),ok,0.30222158256544174,0.18839160891169873,71.96584516309414,5.623471230736079,44.37945500502475,44.17641658359205,0
