set,week,ankyra_vs_timesfm_log_ratio,ankyra_1x_vs_timesfm_log_ratio,fixed_division_vs_timesfm_log_ratio,mean_weight_on_model
Cambridge,1,-0.051108,-0.026716,0.065094,0.5767
Cambridge,2,-0.07412,-0.046748,0.00098,0.4776
Cambridge,3,-0.091552,-0.058168,-0.034385,0.4213
Cambridge,4,-0.128437,-0.084098,-0.078411,0.3315
CINELDI,1,-0.04191,-0.019073,0.045749,0.5379
CINELDI,2,-0.051024,-0.031084,0.005756,0.4678
CINELDI,3,-0.079365,-0.057158,-0.054584,0.4339
CINELDI,4,-0.082647,-0.061611,-0.066859,0.3739
HEEW Arizona,1,-0.029157,-0.022676,0.145866,0.6401
HEEW Arizona,2,-0.034223,-0.023449,0.063527,0.5245
HEEW Arizona,3,-0.042128,-0.027878,0.04005,0.4705
HEEW Arizona,4,-0.059641,-0.042274,-0.010568,0.4058
