set,tier,windows,units,model,model_label,model_class,RMSE_kW,MAE_kW,CV_RMSE_pct,NMBE_pct,WAPE_pct,WAPE_pooled_pct,units_excluded
BDG2 2017,test,474,142,TimesFM,TimesFM,"load only, zero-shot foundation model",31.2016,21.4348,20.95,0.87,14.41,12.09,0
BDG2 2017,test,474,142,RIDGE-L,Ridge (per unit),per-unit regression,30.1214,21.4851,22.59,0.29,15.78,12.02,0
BDG2 2017,test,474,142,Chronos-2-X,Chronos-2-X,"same information, zero-shot foundation model",30.0814,20.3764,18.07,1.3,12.57,11.44,0
BDG2 2017,test,474,142,Chronos-2,Chronos-2,"load only, zero-shot foundation model",31.9397,21.8905,21.89,1.16,15.51,12.26,0
BDG2 2017,test,474,142,ANKYRA,ANKYRA,,28.8925,20.2425,20.19,0.94,13.87,11.51,0
BDG2 2017,test,474,142,GBT,GBT (zero-shot),zero-shot gradient boosting,51.96,30.8351,34.35,-1.34,22.18,17.77,0
BDG2 2017,test,474,142,Holt-Winters,Holt-Winters,"load only, statistical",37.0149,26.8418,25.09,0.96,18.79,15.38,0
BDG2 2017,test,474,142,LYR-profile,Last-year profile,profile,37.6388,26.0054,25.77,-1.56,17.31,16.13,0
BDG2 2017,test,474,142,MSTL,MSTL,"load only, statistical",35.7641,25.179,26.03,-0.64,17.6,13.88,0
BDG2 2017,test,474,142,SN-day,Seasonal naive (day),naive,40.902,27.9085,29.12,-2.23,20.1,15.67,0
BDG2 2017,test,474,142,SN-week,Seasonal naive (week),naive,36.1772,24.3807,25.06,0.24,16.39,13.82,0
BDG2 2017,test,474,142,SP-profile,Previous-month profile,profile,36.8916,28.2339,25.84,0.46,20.46,16.67,0
BDG2 2017,test,474,142,TimesFM-X,TimesFM-X,"same information, zero-shot foundation model",32.0013,22.571,22.97,0.37,15.85,12.84,0
BDG2 2017,test,474,142,WeekProf4,4-week profile,profile,34.8288,25.122,24.54,0.65,17.84,14.68,0
BDG2 2017,test,474,142,DLinear,DLinear,"load only, trained",30.7133,22.3961,22.98,-0.78,16.64,13.47,0
BDG2 2017,test,474,142,GBT-T,GBT-T,"same information, trained",30.5849,21.9072,19.51,0.74,14.57,12.88,0
BDG2 2017,test,474,142,iTransformer-X,iTransformer-X,"same information, trained",32.8566,23.5095,23.19,0.85,16.73,13.35,0
BDG2 2017,test,474,142,iTransformer,iTransformer,"load only, trained",33.2296,23.9952,22.92,0.73,17.13,13.71,0
BDG2 2017,test,474,142,LSTM,LSTM,"load only, trained",32.9308,24.5956,25.04,-0.92,18.48,14.71,0
BDG2 2017,test,474,142,PatchTST,PatchTST,"load only, trained",32.7567,23.7892,23.35,0.84,17.17,13.5,0
BDG2 2017,test,474,142,TiDE,TiDE,"same information, trained",30.7437,22.4118,23.29,-0.99,16.62,13.48,0
Cambridge,test,730,108,TimesFM,TimesFM,"load only, zero-shot foundation model",15.6182,9.3519,18.72,1.93,12.32,9.1,0
Cambridge,test,730,108,RIDGE-L,Ridge (per unit),per-unit regression,15.0348,9.3268,19.39,1.19,13.11,9.22,0
Cambridge,test,730,108,Chronos-2-X,Chronos-2-X,"same information, zero-shot foundation model",14.4798,8.7564,18.83,1.97,11.81,8.48,0
Cambridge,test,730,108,Chronos-2,Chronos-2,"load only, zero-shot foundation model",15.9326,9.5562,20.38,2.53,12.56,9.46,0
Cambridge,test,730,108,ANKYRA,ANKYRA,,14.3798,8.8036,17.69,1.56,12.03,8.54,0
Cambridge,test,730,108,GBT,GBT (zero-shot),zero-shot gradient boosting,18.1752,11.779,24.44,1.22,16.18,11.59,0
Cambridge,test,730,108,Holt-Winters,Holt-Winters,"load only, statistical",16.9216,10.6755,21.14,-0.18,14.79,10.52,0
Cambridge,test,730,108,LYR-profile,Last-year profile,profile,21.6235,14.4985,27.9,-0.59,19.2,13.77,0
Cambridge,test,730,108,MSTL,MSTL,"load only, statistical",17.8416,11.1654,23.0,1.64,15.09,11.01,0
Cambridge,test,730,108,SN-day,Seasonal naive (day),naive,22.6092,14.4879,29.99,0.87,19.3,14.19,0
Cambridge,test,730,108,SN-week,Seasonal naive (week),naive,17.9411,10.9733,23.26,1.86,14.49,10.81,0
Cambridge,test,730,108,SP-profile,Previous-month profile,profile,16.6993,11.5019,23.47,-0.48,16.72,11.29,0
Cambridge,test,730,108,TimesFM-X,TimesFM-X,"same information, zero-shot foundation model",15.8428,9.7632,20.86,1.95,12.87,9.65,0
Cambridge,test,730,108,WeekProf4,4-week profile,profile,15.1525,9.1866,19.9,-0.37,12.93,8.94,0
Cambridge,test,730,108,DLinear,DLinear,"load only, trained",16.7867,11.2717,22.73,-0.91,16.35,10.56,0
Cambridge,test,730,108,GBT-T,GBT-T,"same information, trained",17.6367,9.9583,17.72,-0.13,12.75,9.92,0
Cambridge,test,730,108,iTransformer-X,iTransformer-X,"same information, trained",13.7958,8.5552,17.59,1.64,12.72,8.29,0
Cambridge,test,730,108,iTransformer,iTransformer,"load only, trained",14.544,9.0071,19.54,0.26,13.74,8.75,0
Cambridge,test,730,108,LSTM,LSTM,"load only, trained",27.9123,21.7723,29.28,-0.27,18.91,17.94,0
Cambridge,test,730,108,PatchTST,PatchTST,"load only, trained",14.7226,9.2166,19.27,-0.29,13.61,9.04,0
Cambridge,test,730,108,TiDE,TiDE,"same information, trained",17.4019,11.8658,23.93,-1.17,17.19,11.06,0
HEEW Arizona,test,658,138,TimesFM,TimesFM,"load only, zero-shot foundation model",27.5916,18.9929,17.49,0.41,11.33,10.66,0
HEEW Arizona,test,658,138,RIDGE-L,Ridge (per unit),per-unit regression,29.267,20.9967,17.89,0.04,12.17,11.84,0
HEEW Arizona,test,658,138,Chronos-2-X,Chronos-2-X,"same information, zero-shot foundation model",27.2756,19.0644,16.97,0.77,10.83,10.62,0
HEEW Arizona,test,658,138,Chronos-2,Chronos-2,"load only, zero-shot foundation model",29.5946,20.195,18.49,1.02,11.6,11.36,0
HEEW Arizona,test,658,138,ANKYRA,ANKYRA,,26.238,18.8734,16.89,-0.4,11.32,10.64,0
HEEW Arizona,test,658,138,GBT,GBT (zero-shot),zero-shot gradient boosting,41.1962,27.4729,25.47,-1.6,17.25,15.72,0
HEEW Arizona,test,658,138,Holt-Winters,Holt-Winters,"load only, statistical",33.1466,24.2048,21.13,0.3,14.49,13.81,0
HEEW Arizona,test,658,138,LYR-profile,Last-year profile,profile,38.7642,28.4826,27.16,-4.42,20.31,16.62,0
HEEW Arizona,test,658,138,MSTL,MSTL,"load only, statistical",30.5693,21.6015,20.01,0.04,13.96,12.26,0
HEEW Arizona,test,658,138,SN-day,Seasonal naive (day),naive,36.0744,24.8523,21.63,-0.14,15.29,14.2,0
HEEW Arizona,test,658,138,SN-week,Seasonal naive (week),naive,33.1532,22.2968,20.54,-0.22,13.59,12.63,0
HEEW Arizona,test,658,138,SP-profile,Previous-month profile,profile,39.8762,29.4535,22.02,-0.34,16.45,16.49,0
HEEW Arizona,test,658,138,TimesFM-X,TimesFM-X,"same information, zero-shot foundation model",27.6819,19.2954,18.09,0.03,12.25,10.95,0
HEEW Arizona,test,658,138,WeekProf4,4-week profile,profile,38.17,27.3003,21.04,-0.31,14.0,15.14,0
HEEW Arizona,test,658,138,DLinear,DLinear,"load only, trained",32.2119,24.5548,19.72,-4.61,14.69,13.99,0
HEEW Arizona,test,658,138,GBT-T,GBT-T,"same information, trained",25.4569,18.3938,18.62,-1.3,12.99,10.57,0
HEEW Arizona,test,658,138,iTransformer-X,iTransformer-X,"same information, trained",31.0906,22.2416,18.3,0.3,13.28,12.48,0
HEEW Arizona,test,658,138,iTransformer,iTransformer,"load only, trained",30.7541,22.145,19.26,0.5,13.3,12.45,0
HEEW Arizona,test,658,138,LSTM,LSTM,"load only, trained",39.6945,30.5349,25.27,-4.48,18.31,17.71,0
HEEW Arizona,test,658,138,PatchTST,PatchTST,"load only, trained",28.3165,20.7123,19.81,0.6,13.93,11.72,0
HEEW Arizona,test,658,138,TiDE,TiDE,"same information, trained",32.2635,24.573,19.81,-4.69,14.61,13.99,0
EWELD,test,523,197,TimesFM,TimesFM,"load only, zero-shot foundation model",100.3544,63.4021,55.85,-1.88,32.66,32.03,44
EWELD,test,523,197,RIDGE-L,Ridge (per unit),per-unit regression,102.502,66.9192,55.29,-1.91,34.15,33.74,44
EWELD,test,523,197,Chronos-2-X,Chronos-2-X,"same information, zero-shot foundation model",106.2517,67.2028,52.51,4.61,32.65,32.6,44
EWELD,test,523,197,Chronos-2,Chronos-2,"load only, zero-shot foundation model",97.1365,60.7338,51.92,1.93,31.22,30.38,44
EWELD,test,523,197,ANKYRA,ANKYRA,,99.4786,64.4732,52.17,3.46,32.27,32.32,44
EWELD,test,523,197,GBT,GBT (zero-shot),zero-shot gradient boosting,135.4312,84.9323,74.11,-6.12,44.77,42.42,44
EWELD,test,523,197,Holt-Winters,Holt-Winters,"load only, statistical",115.1141,78.4056,68.68,1.3,43.71,39.16,44
EWELD,test,523,197,LYR-profile,Last-year profile,profile,249.0839,195.697,94.03,6.4,70.49,96.83,44
EWELD,test,523,197,MSTL,MSTL,"load only, statistical",108.6747,70.9992,67.07,-0.78,40.53,35.08,44
EWELD,test,523,197,SN-day,Seasonal naive (day),naive,106.3171,66.6108,63.7,0.63,37.64,32.66,44
EWELD,test,523,197,SN-week,Seasonal naive (week),naive,114.6955,72.4842,67.12,-1.88,37.96,36.46,44
EWELD,test,523,197,SP-profile,Previous-month profile,profile,109.9382,73.9283,57.38,-1.97,38.02,37.31,44
EWELD,test,523,197,TimesFM-X,TimesFM-X,"same information, zero-shot foundation model",101.7689,65.0837,56.33,-1.05,33.64,32.65,44
EWELD,test,523,197,WeekProf4,4-week profile,profile,110.554,72.7913,56.52,-2.83,36.7,36.79,44
EWELD,test,523,197,DLinear,DLinear,"load only, trained",121.2035,93.6543,56.78,1.4,41.21,47.26,44
EWELD,test,523,197,GBT-T,GBT-T,"same information, trained",153.8831,90.7877,68.56,2.33,42.39,49.72,44
EWELD,test,523,197,iTransformer-X,iTransformer-X,"same information, trained",103.3929,69.7065,55.06,2.22,35.55,34.16,44
EWELD,test,523,197,iTransformer,iTransformer,"load only, trained",104.7662,70.0839,57.69,2.51,36.87,34.92,44
EWELD,test,523,197,LSTM,LSTM,"load only, trained",144.1369,117.8089,65.85,2.9,49.39,58.34,44
EWELD,test,523,197,PatchTST,PatchTST,"load only, trained",104.394,70.7361,55.78,0.21,38.34,35.04,44
EWELD,test,523,197,TiDE,TiDE,"same information, trained",121.7232,94.7662,56.73,1.11,41.87,47.8,44
GoiEner non-household,test,890,481,TimesFM,TimesFM,"load only, zero-shot foundation model",0.6432,0.3622,77.43,8.32,40.51,29.71,4
GoiEner non-household,test,890,481,Chronos-2-X,Chronos-2-X,"same information, zero-shot foundation model",0.5623,0.3109,78.02,10.78,39.88,25.79,4
GoiEner non-household,test,890,481,Chronos-2,Chronos-2,"load only, zero-shot foundation model",0.6372,0.3528,76.85,10.26,39.67,28.48,4
GoiEner non-household,test,890,481,ANKYRA,ANKYRA,,0.604,0.36,74.14,2.45,42.59,29.69,4
GoiEner non-household,test,890,481,GBT,GBT (zero-shot),zero-shot gradient boosting,0.8462,0.5189,94.11,-5.87,57.88,43.71,4
GoiEner non-household,test,890,481,Holt-Winters,Holt-Winters,"load only, statistical",0.7225,0.4472,83.77,2.13,50.75,36.89,4
GoiEner non-household,test,890,481,LYR-profile,Last-year profile,profile,0.6978,0.409,97.76,-1.41,55.67,33.95,4
GoiEner non-household,test,890,481,MSTL,MSTL,"load only, statistical",0.7312,0.4489,90.65,3.19,53.92,37.49,4
GoiEner non-household,test,890,481,SN-day,Seasonal naive (day),naive,0.8257,0.477,102.91,3.18,54.04,39.61,4
GoiEner non-household,test,890,481,SN-week,Seasonal naive (week),naive,0.727,0.3993,93.76,1.4,48.65,32.97,4
GoiEner non-household,test,890,481,SP-profile,Previous-month profile,profile,0.7747,0.5208,82.27,0.02,54.27,43.41,4
GoiEner non-household,test,890,481,TimesFM-X,TimesFM-X,"same information, zero-shot foundation model",0.606,0.3584,77.98,7.71,43.24,29.63,4
GoiEner non-household,test,890,481,WeekProf4,4-week profile,profile,0.7289,0.4301,83.55,0.81,44.93,35.48,4
GoiEner non-household,test,890,481,DLinear,DLinear,"load only, trained",0.64,0.4182,80.29,-2.32,49.7,34.81,4
GoiEner non-household,test,890,481,GBT-T,GBT-T,"same information, trained",0.8091,0.4894,89.26,0.68,50.66,40.93,4
GoiEner non-household,test,890,481,iTransformer-X,iTransformer-X,"same information, trained",0.6411,0.4028,74.78,3.74,45.41,33.19,4
GoiEner non-household,test,890,481,iTransformer,iTransformer,"load only, trained",0.6328,0.3979,76.15,3.1,44.26,32.82,4
GoiEner non-household,test,890,481,LSTM,LSTM,"load only, trained",0.6916,0.4667,84.97,-2.54,52.5,38.98,4
GoiEner non-household,test,890,481,PatchTST,PatchTST,"load only, trained",0.6508,0.4176,78.84,-0.07,48.86,34.51,4
GoiEner non-household,test,890,481,RIDGE-L,Ridge (per unit),per-unit regression,0.5895,0.3618,71.06,0.64,43.61,30.08,4
GoiEner non-household,test,890,481,TiDE,TiDE,"same information, trained",0.6444,0.4248,80.95,-1.78,50.72,35.36,4
GoiEner households,test,696,696,TimesFM,TimesFM,"load only, zero-shot foundation model",0.1773,0.0943,102.9,22.39,53.96,51.07,17
GoiEner households,test,696,696,RIDGE-L,Ridge (per unit),per-unit regression,0.1728,0.1038,98.58,1.01,58.83,56.23,17
GoiEner households,test,696,696,Chronos-2-X,Chronos-2-X,"same information, zero-shot foundation model",0.1767,0.0927,102.59,22.11,52.32,50.2,17
GoiEner households,test,696,696,Chronos-2,Chronos-2,"load only, zero-shot foundation model",0.1771,0.0927,102.44,21.54,52.01,50.23,17
GoiEner households,test,696,696,ANKYRA,ANKYRA,,0.173,0.1,99.58,8.85,57.29,54.15,17
GoiEner households,test,696,696,GBT,GBT (zero-shot),zero-shot gradient boosting,0.2306,0.1391,120.8,-7.45,72.35,75.35,17
GoiEner households,test,696,696,Holt-Winters,Holt-Winters,"load only, statistical",0.1957,0.126,110.37,6.32,65.87,68.23,17
GoiEner households,test,696,696,LYR-profile,Last-year profile,profile,0.2458,0.1394,133.45,0.64,75.28,75.48,17
GoiEner households,test,696,696,MSTL,MSTL,"load only, statistical",0.2129,0.1347,122.96,3.91,77.19,72.96,17
GoiEner households,test,696,696,SN-day,Seasonal naive (day),naive,0.216,0.1221,124.04,7.27,70.54,66.15,17
GoiEner households,test,696,696,SN-week,Seasonal naive (week),naive,0.2141,0.1171,124.98,3.08,68.62,63.43,17
GoiEner households,test,696,696,SP-profile,Previous-month profile,profile,0.1846,0.1115,104.64,1.85,62.86,60.39,17
GoiEner households,test,696,696,TimesFM-X,TimesFM-X,"same information, zero-shot foundation model",0.1761,0.0963,101.69,17.69,54.42,52.17,17
GoiEner households,test,696,696,WeekProf4,4-week profile,profile,0.1876,0.1086,106.93,3.17,61.75,58.81,17
GoiEner households,test,696,696,DLinear,DLinear,"load only, trained",0.1796,0.1115,102.1,1.12,62.27,60.37,17
GoiEner households,test,696,696,GBT-T,GBT-T,"same information, trained",0.1827,0.1135,102.92,-3.31,61.47,61.5,17
GoiEner households,test,696,696,iTransformer-X,iTransformer-X,"same information, trained",0.1798,0.1089,101.01,4.35,60.36,59.01,17
GoiEner households,test,696,696,iTransformer,iTransformer,"load only, trained",0.1829,0.1102,102.95,8.41,60.98,59.71,17
GoiEner households,test,696,696,LSTM,LSTM,"load only, trained",0.1824,0.1146,102.36,-0.88,63.03,62.09,17
GoiEner households,test,696,696,PatchTST,PatchTST,"load only, trained",0.1785,0.1064,101.89,5.62,59.5,57.63,17
GoiEner households,test,696,696,TiDE,TiDE,"same information, trained",0.1797,0.1114,102.05,1.49,62.21,60.33,17
Oslo,preview,581,41,TimesFM,TimesFM,"load only, zero-shot foundation model",29.1012,18.9042,37.53,-0.2,23.86,25.22,0
Oslo,preview,581,41,RIDGE-L,Ridge (per unit),per-unit regression,28.8706,19.8956,36.06,0.84,25.7,26.54,0
Oslo,preview,581,41,Chronos-2-X,Chronos-2-X,"same information, zero-shot foundation model",26.2475,16.6537,31.78,1.41,20.54,22.0,0
Oslo,preview,581,41,Chronos-2,Chronos-2,"load only, zero-shot foundation model",29.0605,18.1999,36.77,3.38,23.98,24.16,0
Oslo,preview,581,41,ANKYRA,ANKYRA,,27.0836,17.9018,35.71,-0.33,23.1,23.94,0
Oslo,preview,581,41,GBT,GBT (zero-shot),zero-shot gradient boosting,44.2824,27.7542,48.28,-3.07,33.95,36.04,0
Oslo,preview,581,41,Holt-Winters,Holt-Winters,"load only, statistical",33.6252,22.4084,44.58,-5.0,28.92,29.88,0
Oslo,preview,581,41,LYR-profile,Last-year profile,profile,33.1387,21.9679,40.35,-3.15,26.47,29.43,0
Oslo,preview,581,41,MSTL,MSTL,"load only, statistical",34.9303,23.1952,44.2,3.08,29.33,30.67,0
Oslo,preview,581,41,SN-day,Seasonal naive (day),naive,46.9851,30.2687,59.39,-3.25,38.02,39.73,0
Oslo,preview,581,41,SN-week,Seasonal naive (week),naive,34.5158,21.7148,43.49,1.19,28.12,28.92,0
Oslo,preview,581,41,SP-profile,Previous-month profile,profile,36.4131,28.0641,45.88,-6.5,34.99,37.03,0
Oslo,preview,581,41,TimesFM-X,TimesFM-X,"same information, zero-shot foundation model",29.0277,19.7984,37.52,2.26,25.22,26.54,0
Oslo,preview,581,41,WeekProf4,4-week profile,profile,31.5887,20.9919,41.33,-4.53,28.37,28.04,0
Oslo,preview,581,41,DLinear,DLinear,"load only, trained",29.4745,20.3971,37.15,-0.97,25.82,26.99,0
Oslo,preview,581,41,GBT-T,GBT-T,"same information, trained",23.1298,15.6509,30.37,-0.75,20.73,21.12,0
Oslo,preview,581,41,iTransformer-X,iTransformer-X,"same information, trained",25.1535,16.8086,31.95,1.5,20.59,22.47,0
Oslo,preview,581,41,iTransformer,iTransformer,"load only, trained",26.8583,17.7611,33.0,-1.64,21.83,23.39,0
Oslo,preview,581,41,LSTM,LSTM,"load only, trained",39.3621,29.2537,42.91,-1.6,30.66,36.06,0
Oslo,preview,581,41,PatchTST,PatchTST,"load only, trained",26.4715,17.919,33.04,-2.68,21.59,23.82,0
Oslo,preview,581,41,TiDE,TiDE,"same information, trained",29.572,20.551,37.66,-1.09,25.88,27.17,0
Drammen,preview,689,43,TimesFM,TimesFM,"load only, zero-shot foundation model",16.9679,11.3123,37.14,5.11,25.2,24.39,0
Drammen,preview,689,43,RIDGE-L,Ridge (per unit),per-unit regression,14.6583,10.1285,32.7,2.56,22.65,21.79,0
Drammen,preview,689,43,Chronos-2-X,Chronos-2-X,"same information, zero-shot foundation model",14.352,9.6192,32.22,1.45,21.3,20.69,0
Drammen,preview,689,43,Chronos-2,Chronos-2,"load only, zero-shot foundation model",16.4156,10.7048,35.49,6.62,23.07,23.08,0
Drammen,preview,689,43,ANKYRA,ANKYRA,,15.2558,10.1888,34.43,4.43,23.22,22.02,0
Drammen,preview,689,43,GBT,GBT (zero-shot),zero-shot gradient boosting,20.5482,14.0332,48.28,4.29,32.62,30.2,0
Drammen,preview,689,43,Holt-Winters,Holt-Winters,"load only, statistical",18.3609,12.934,41.62,2.95,28.39,27.79,0
Drammen,preview,689,43,LYR-profile,Last-year profile,profile,18.8296,12.8701,43.19,2.83,28.97,27.53,0
Drammen,preview,689,43,MSTL,MSTL,"load only, statistical",18.7374,12.6141,41.95,2.58,28.07,27.24,0
Drammen,preview,689,43,SN-day,Seasonal naive (day),naive,24.8332,16.3299,59.97,6.06,39.97,35.13,0
Drammen,preview,689,43,SN-week,Seasonal naive (week),naive,18.5682,12.3883,42.75,4.58,27.88,26.64,0
Drammen,preview,689,43,SP-profile,Previous-month profile,profile,20.3698,15.3026,48.55,5.38,36.42,32.86,0
Drammen,preview,689,43,TimesFM-X,TimesFM-X,"same information, zero-shot foundation model",15.7807,11.0438,35.35,3.84,25.3,23.8,0
Drammen,preview,689,43,WeekProf4,4-week profile,profile,18.9359,13.4712,42.26,4.13,30.37,29.01,0
Drammen,preview,689,43,DLinear,DLinear,"load only, trained",15.3708,10.481,34.87,5.57,23.59,22.56,0
Drammen,preview,689,43,GBT-T,GBT-T,"same information, trained",14.8066,10.1548,33.56,2.74,22.84,21.9,0
Drammen,preview,689,43,iTransformer-X,iTransformer-X,"same information, trained",14.9219,10.1993,32.82,4.98,22.84,21.91,0
Drammen,preview,689,43,iTransformer,iTransformer,"load only, trained",15.2825,10.2517,32.37,1.53,21.59,22.1,0
Drammen,preview,689,43,LSTM,LSTM,"load only, trained",18.2692,12.5552,42.79,8.96,28.97,27.05,0
Drammen,preview,689,43,PatchTST,PatchTST,"load only, trained",15.2371,10.455,33.18,4.03,22.88,22.42,0
Drammen,preview,689,43,TiDE,TiDE,"same information, trained",15.4394,10.5541,35.14,5.64,23.76,22.72,0
CINELDI,preview,475,45,TimesFM,TimesFM,"load only, zero-shot foundation model",21.4078,12.7107,43.72,4.75,27.39,26.37,0
CINELDI,preview,475,45,RIDGE-L,Ridge (per unit),per-unit regression,20.5768,13.761,43.27,2.09,30.95,28.15,0
CINELDI,preview,475,45,Chronos-2-X,Chronos-2-X,"same information, zero-shot foundation model",19.0608,10.5264,42.59,5.46,26.77,22.14,0
CINELDI,preview,475,45,Chronos-2,Chronos-2,"load only, zero-shot foundation model",18.4511,10.0044,41.45,5.75,26.57,20.69,0
CINELDI,preview,475,45,ANKYRA,ANKYRA,,18.1073,11.7448,41.89,3.4,26.41,24.27,0
CINELDI,preview,475,45,GBT,GBT (zero-shot),zero-shot gradient boosting,25.8408,18.0754,60.66,1.43,40.17,35.96,0
CINELDI,preview,475,45,Holt-Winters,Holt-Winters,"load only, statistical",27.0594,18.7975,57.5,0.27,37.84,38.22,0
CINELDI,preview,475,45,LYR-profile,Last-year profile,profile,21.4958,13.0496,64.05,0.25,42.04,26.85,0
CINELDI,preview,475,45,MSTL,MSTL,"load only, statistical",25.9714,17.1393,53.91,1.22,37.97,35.7,0
CINELDI,preview,475,45,SN-day,Seasonal naive (day),naive,31.8727,20.9062,77.1,-1.52,49.13,41.47,0
CINELDI,preview,475,45,SN-week,Seasonal naive (week),naive,23.9995,13.9211,51.11,2.69,31.39,28.97,0
CINELDI,preview,475,45,SP-profile,Previous-month profile,profile,21.5508,16.8842,52.48,-0.06,39.27,33.57,0
CINELDI,preview,475,45,TimesFM-X,TimesFM-X,"same information, zero-shot foundation model",21.2632,13.603,44.48,5.42,28.39,28.3,0
CINELDI,preview,475,45,WeekProf4,4-week profile,profile,18.8253,11.6462,48.29,0.2,31.57,24.36,0
CINELDI,preview,475,45,DLinear,DLinear,"load only, trained",18.5612,12.7982,43.71,2.48,32.32,26.34,0
CINELDI,preview,475,45,GBT-T,GBT-T,"same information, trained",16.2984,11.0985,43.93,-2.18,30.27,22.52,0
CINELDI,preview,475,45,iTransformer-X,iTransformer-X,"same information, trained",16.6867,11.5855,42.68,0.26,29.68,23.81,0
CINELDI,preview,475,45,iTransformer,iTransformer,"load only, trained",17.2492,11.9078,45.03,1.78,28.67,24.01,0
CINELDI,preview,475,45,LSTM,LSTM,"load only, trained",22.5943,17.5868,56.06,2.3,41.7,34.69,0
CINELDI,preview,475,45,PatchTST,PatchTST,"load only, trained",17.2457,12.4519,42.86,0.13,29.28,25.46,0
CINELDI,preview,475,45,TiDE,TiDE,"same information, trained",18.3675,12.6339,44.02,1.03,32.88,26.03,0
Suzhou park,preview,64,4,TimesFM,TimesFM,"load only, zero-shot foundation model",138.5623,85.234,28.88,-0.08,18.27,19.93,0
Suzhou park,preview,64,4,RIDGE-L,Ridge (per unit),per-unit regression,130.6422,83.3898,25.34,-1.03,17.29,19.5,0
Suzhou park,preview,64,4,Chronos-2-X,Chronos-2-X,"same information, zero-shot foundation model",152.1322,91.9564,30.99,5.56,20.33,21.5,0
Suzhou park,preview,64,4,Chronos-2,Chronos-2,"load only, zero-shot foundation model",157.4027,92.6696,32.98,2.2,20.5,21.67,0
Suzhou park,preview,64,4,ANKYRA,ANKYRA,,129.4079,81.2058,26.59,0.1,17.64,18.99,0
Suzhou park,preview,64,4,GBT,GBT (zero-shot),zero-shot gradient boosting,232.7542,137.8976,53.01,-9.39,31.99,32.24,0
Suzhou park,preview,64,4,Holt-Winters,Holt-Winters,"load only, statistical",196.0821,131.7831,39.98,4.06,27.7,30.81,0
Suzhou park,preview,64,4,LYR-profile,Last-year profile,profile,178.1224,116.9403,40.73,0.74,27.07,27.34,0
Suzhou park,preview,64,4,MSTL,MSTL,"load only, statistical",151.0568,95.0564,31.98,-0.8,20.54,22.23,0
Suzhou park,preview,64,4,SN-day,Seasonal naive (day),naive,195.5794,118.0954,46.24,0.88,28.6,27.61,0
Suzhou park,preview,64,4,SN-week,Seasonal naive (week),naive,167.9013,97.6934,33.75,-3.06,20.08,22.84,0
Suzhou park,preview,64,4,SP-profile,Previous-month profile,profile,171.3761,123.3166,37.56,-0.7,29.35,28.83,0
Suzhou park,preview,64,4,TimesFM-X,TimesFM-X,"same information, zero-shot foundation model",131.3904,81.7763,27.99,0.83,17.71,19.12,0
Suzhou park,preview,64,4,WeekProf4,4-week profile,profile,160.2207,102.5033,33.78,-1.08,22.22,23.97,0
Suzhou park,preview,64,4,DLinear,DLinear,"load only, trained",138.1487,94.3143,30.1,-2.9,20.7,22.05,0
Suzhou park,preview,64,4,GBT-T,GBT-T,"same information, trained",136.9654,90.8467,27.98,-0.94,19.57,21.24,0
Suzhou park,preview,64,4,iTransformer-X,iTransformer-X,"same information, trained",139.8735,95.1431,31.47,-2.1,21.63,22.25,0
Suzhou park,preview,64,4,iTransformer,iTransformer,"load only, trained",156.0433,97.4612,31.5,-3.94,21.05,22.79,0
Suzhou park,preview,64,4,LSTM,LSTM,"load only, trained",157.313,108.8316,37.86,-1.17,27.05,25.45,0
Suzhou park,preview,64,4,PatchTST,PatchTST,"load only, trained",171.3045,111.0512,31.11,-0.04,21.14,25.97,0
Suzhou park,preview,64,4,TiDE,TiDE,"same information, trained",138.2686,93.9981,30.1,-2.61,20.72,21.98,0
LCL households,reserved,710,710,TimesFM,TimesFM,"load only, zero-shot foundation model",0.3385,0.2019,72.95,15.88,42.4,42.78,0
LCL households,reserved,710,710,RIDGE-L,Ridge (per unit),per-unit regression,0.3282,0.2139,70.41,1.97,45.32,45.32,0
LCL households,reserved,710,710,Chronos-2,Chronos-2,"load only, zero-shot foundation model",0.3368,0.1986,72.17,15.4,41.58,42.08,0
LCL households,reserved,710,710,ANKYRA,ANKYRA,,0.3284,0.2071,71.34,6.93,44.33,43.87,0
LCL households,reserved,710,710,GBT,GBT (zero-shot),zero-shot gradient boosting,0.5306,0.3832,99.33,-14.18,66.18,81.18,0
LCL households,reserved,710,710,LYR-profile,Last-year profile,profile,0.4529,0.2801,96.08,-2.28,59.46,59.34,0
LCL households,reserved,710,710,SN-day,Seasonal naive (day),naive,0.4284,0.2671,91.97,4.59,55.23,56.59,0
LCL households,reserved,710,710,SN-week,Seasonal naive (week),naive,0.4345,0.2641,94.21,3.04,55.58,55.94,0
LCL households,reserved,710,710,SP-profile,Previous-month profile,profile,0.3347,0.2149,72.43,3.43,46.11,45.51,0
LCL households,reserved,710,710,WeekProf4,4-week profile,profile,0.3458,0.2161,74.18,3.18,46.19,45.78,0
LCL households,reserved,710,710,DLinear,DLinear,"load only, trained",0.3287,0.2163,70.82,0.5,46.44,45.82,0
LCL households,reserved,710,710,iTransformer,iTransformer,"load only, trained",0.3305,0.2123,71.51,4.61,44.51,44.98,0
LCL households,reserved,710,710,LSTM,LSTM,"load only, trained",0.3545,0.2354,75.77,2.54,49.75,49.87,0
LCL households,reserved,710,710,PatchTST,PatchTST,"load only, trained",0.3293,0.2131,71.11,2.75,45.29,45.15,0
