units,subset,model,log_ratio,um_low,um_high,improvement_pct,ankyra_mean_unit_rank
all_units,full,TimesFM,0.304334,-0.023437,1.323166,-35.572,2.9438
all_units,full,ANKYRA-1x,-0.009332,-0.012987,-0.00373,0.929,2.9438
all_units,full,Chronos-2-X,0.221394,-0.016234,0.963566,-24.781,2.9438
all_units,full,Chronos-2,0.310492,-0.056795,1.458442,-36.41,2.9438
all_units,full,GBT,-0.362794,-0.539006,0.059148,30.427,2.9438
all_units,full,Holt-Winters,-0.193316,-0.244613,-0.122252,17.578,2.9438
all_units,full,LYR-profile,-0.327326,-0.45574,-0.237803,27.915,2.9438
all_units,full,MSTL,0.424964,-0.176332,2.343948,-52.953,2.9438
all_units,full,SN-day,-0.417918,-0.502994,-0.317777,34.158,2.9438
all_units,full,SN-week,-0.225552,-0.25814,-0.168296,20.192,2.9438
all_units,full,SP-profile,0.481508,-0.215873,2.563055,-61.851,2.9438
all_units,full,TimesFM-X,-0.07645,-0.252852,0.023755,7.36,2.9438
all_units,full,WeekProf4,-0.150421,-0.194453,-0.093932,13.965,2.9438
all_units,full,RIDGE-L,-0.0745,-0.123315,-0.010263,7.179,2.9438
all_units,late,TimesFM,0.427667,-0.034024,1.448788,-53.368,4.5986
all_units,late,ANKYRA-1x,-0.009037,-0.013319,-0.004125,0.9,4.5986
all_units,late,Chronos-2-X,0.324235,-0.01686,1.046972,-38.297,4.5986
all_units,late,Chronos-2,0.437556,-0.08043,1.60904,-54.892,4.5986
all_units,late,GBT,-0.363921,-0.628381,0.020677,30.505,4.5986
all_units,late,Holt-Winters,-0.229371,-0.32656,-0.148394,20.497,4.5986
all_units,late,LYR-profile,-0.252365,-0.448861,-0.118036,22.304,4.5986
all_units,late,MSTL,0.62274,-0.212531,2.602977,-86.403,4.5986
all_units,late,SN-day,-0.418721,-0.620658,-0.307221,34.211,4.5986
all_units,late,SN-week,-0.217631,-0.277707,-0.138346,19.558,4.5986
all_units,late,SP-profile,0.643645,-0.26807,2.772915,-90.341,4.5986
all_units,late,TimesFM-X,-0.066983,-0.284251,0.007129,6.479,4.5986
all_units,late,WeekProf4,-0.182213,-0.240411,-0.130095,16.658,4.5986
all_units,late,RIDGE-L,-0.097621,-0.188297,-0.036236,9.301,4.5986
all_units,late,DLinear,-0.15347,-0.311719,-0.057782,14.227,4.5986
all_units,late,GBT-T,-0.173389,-0.385065,-0.052063,15.919,4.5986
all_units,late,iTransformer-X,-0.044584,-0.140819,0.205227,4.36,4.5986
all_units,late,iTransformer,-0.033197,-0.141419,0.228272,3.265,4.5986
all_units,late,LSTM,-0.235228,-0.405113,-0.142142,20.961,4.5986
all_units,late,PatchTST,-0.020082,-0.143187,0.279501,1.988,4.5986
all_units,late,TiDE,-0.155357,-0.31292,-0.060084,14.389,4.5986
without_near_zero,full,TimesFM,-0.059041,-0.075121,0.911199,5.733,2.7829
without_near_zero,full,ANKYRA-1x,-0.009492,-0.013061,-0.0037,0.945,2.7829
without_near_zero,full,Chronos-2-X,-0.023048,-0.072887,0.665008,2.278,2.7829
without_near_zero,full,Chronos-2,-0.096568,-0.118483,1.013599,9.205,2.7829
without_near_zero,full,GBT,-0.487478,-0.615161,-0.069697,38.583,2.7829
without_near_zero,full,Holt-Winters,-0.193316,-0.240835,-0.121915,17.578,2.7829
without_near_zero,full,LYR-profile,-0.316226,-0.44405,-0.222483,27.111,2.7829
without_near_zero,full,MSTL,-0.238676,-0.276507,1.659771,21.233,2.7829
without_near_zero,full,SN-day,-0.417918,-0.505092,-0.3158,34.158,2.7829
without_near_zero,full,SN-week,-0.225552,-0.258453,-0.166748,20.192,2.7829
without_near_zero,full,SP-profile,-0.24312,-0.303305,1.790219,21.582,2.7829
without_near_zero,full,TimesFM-X,-0.080485,-0.270054,0.000365,7.733,2.7829
without_near_zero,full,WeekProf4,-0.150421,-0.194551,-0.098035,13.965,2.7829
without_near_zero,full,RIDGE-L,-0.052939,-0.080562,-0.005475,5.156,2.7829
without_near_zero,late,TimesFM,-0.025507,-0.073205,1.047388,2.518,4.3669
without_near_zero,late,ANKYRA-1x,-0.009232,-0.013642,-0.004239,0.919,4.3669
without_near_zero,late,Chronos-2-X,0.020319,-0.07445,0.786115,-2.053,4.3669
without_near_zero,late,Chronos-2,-0.070537,-0.12875,1.171985,6.811,4.3669
without_near_zero,late,GBT,-0.519978,-0.692798,-0.17408,40.547,4.3669
without_near_zero,late,Holt-Winters,-0.229371,-0.326412,-0.147109,20.497,4.3669
without_near_zero,late,LYR-profile,-0.235545,-0.431945,-0.098384,20.986,4.3669
without_near_zero,late,MSTL,-0.206859,-0.28015,1.888037,18.687,4.3669
without_near_zero,late,SN-day,-0.418721,-0.61312,-0.307645,34.211,4.3669
without_near_zero,late,SN-week,-0.217631,-0.278298,-0.137126,19.558,4.3669
without_near_zero,late,SP-profile,-0.263508,-0.404022,1.906569,23.165,4.3669
without_near_zero,late,TimesFM-X,-0.070054,-0.346029,-0.000823,6.766,4.3669
without_near_zero,late,WeekProf4,-0.182213,-0.240572,-0.129368,16.658,4.3669
without_near_zero,late,RIDGE-L,-0.06967,-0.134483,-0.031225,6.73,4.3669
without_near_zero,late,DLinear,-0.107461,-0.238535,-0.036169,10.189,4.3669
without_near_zero,late,GBT-T,-0.092059,-0.299542,0.008253,8.795,4.3669
without_near_zero,late,iTransformer-X,-0.126155,-0.178631,0.10533,11.852,4.3669
without_near_zero,late,iTransformer,-0.121247,-0.185697,0.12958,11.419,4.3669
without_near_zero,late,LSTM,-0.194033,-0.351692,-0.127316,17.637,4.3669
without_near_zero,late,PatchTST,-0.129197,-0.209225,0.162707,12.12,4.3669
without_near_zero,late,TiDE,-0.109285,-0.240742,-0.037751,10.352,4.3669
