item,seconds_per_window
TimesFM alone (batch 64),0.018274
TimesFM alone (evaluated configuration),0.719309
ANKYRA first run (batch 64),0.558158
ANKYRA with cached pseudo-origins (batch 64),0.126378
ANKYRA first run (evaluated configuration),5.462448
ANKYRA with cached pseudo-origins (evaluated configuration),0.827413
Chronos-2-X,0.079833
RIDGE-L,0.108182
"ANKYRA interval, extra",0.559904
component: timesfm_eval_config_per_window,0.719309
component: timesfm_b64_per_window,0.018274
component: timesfm_b64_seven_contexts_per_window,0.130872
component: ankyra_origin_estimator_per_window,0.108063
component: ankyra_six_pseudo_forecasts_per_window,0.319182
component: ankyra_forecast_cpu_per_window,0.432848
component: peak_readout_per_window,4.2e-05
component: interval_per_window,0.559904
component: ridge_l_per_window,0.108182
component: chronos2x_covariates_per_window,0.001151
component: chronos2x_inference_per_window,0.078682
model load: timesfm_load,2.276
model load: chronos2_load,9.714
GPU peak GiB: timesfm_eval_config,0.891
GPU peak GiB: timesfm_b64,2.986
GPU peak GiB: chronos2x,0.512
