set,subset,windows,units,model,model_label,status,available_windows,units_scored,direction,log_ratio,um_low,um_high,improvement_pct,pooled_mse_ratio,bootstrap_one_sided_p_unadjusted,bootstrap_zero_draws,bootstrap_valid_draws
LCL households,full,1215,965,Chronos-2-X,Chronos-2-X,ok,1215,965,ANKYRA over model,-0.015502486446507141,-0.03088147323682422,0.006931942656429483,1.53829414489568,0.8973767579420253,0.02498750624687656,0,2000
LCL households,full,1215,965,Chronos-2,Chronos-2,ok,1215,965,ANKYRA over model,-0.011700089792753587,-0.026008145190405212,0.010800321383437051,1.1631909904833537,0.9200501567388357,0.06696651674162919,0,2000
LCL households,full,1215,965,DLinear,DLinear,not available,710,,ANKYRA over model,,,,,,,,
LCL households,full,1215,965,ANKYRA-1x-archived,ANKYRA 1.x (archived input),ok,1215,965,ANKYRA over model,-0.006266434386940469,-0.009460041505006202,-0.003017479023652659,0.6246841234741396,0.9913121876914092,0.0009995002498750624,0,2000
LCL households,full,1215,965,GBT-T,GBT-T,not available,710,,ANKYRA over model,,,,,,,,
LCL households,full,1215,965,GBT,GBT (zero-shot),ok,1215,965,ANKYRA over model,-0.3307386487033508,-0.4716486669623544,-0.1719012284156468,28.160710257678122,0.3335395828644653,0.0004997501249375312,0,2000
LCL households,full,1215,965,Holt-Winters,Holt-Winters,ok,1215,965,ANKYRA over model,-0.11374759261141167,-0.14357790615327967,-0.08106293713551947,10.751680319195911,0.6633246335719237,0.0004997501249375312,0,2000
LCL households,full,1215,965,iTransformer-X,iTransformer-X,not available,710,,ANKYRA over model,,,,,,,,
LCL households,full,1215,965,iTransformer,iTransformer,not available,710,,ANKYRA over model,,,,,,,,
LCL households,full,1215,965,LSTM,LSTM,not available,710,,ANKYRA over model,,,,,,,,
LCL households,full,1215,965,LYR-profile,Last-year profile,ok,1215,965,ANKYRA over model,-0.35341602431359226,-0.380535722879425,-0.33003038859721645,29.77150350261035,0.5434684350858852,0.0004997501249375312,0,2000
LCL households,full,1215,965,MSTL,MSTL,ok,1215,965,ANKYRA over model,-0.2514083995481954,-0.2805909944176232,-0.21643756844277362,22.229530755165516,0.5999778364610137,0.0004997501249375312,0,2000
LCL households,full,1215,965,PatchTST,PatchTST,not available,710,,ANKYRA over model,,,,,,,,
LCL households,full,1215,965,SN-day,Seasonal naive (day),ok,1215,965,ANKYRA over model,-0.26796486778109035,-0.2994576320432467,-0.22861723425387778,23.50653455174666,0.5573715386781415,0.0004997501249375312,0,2000
LCL households,full,1215,965,SN-week,Seasonal naive (week),ok,1215,965,ANKYRA over model,-0.2774769442287376,-0.323071958517587,-0.23137075313160874,24.230696640113713,0.5608526026971264,0.0004997501249375312,0,2000
LCL households,full,1215,965,SP-profile,Previous-month profile,ok,1215,965,ANKYRA over model,-0.038561389937074524,-0.07109362874736988,-0.013364357464208174,3.7827364790831597,0.8978613601548202,0.013493253373313344,0,2000
LCL households,full,1215,965,TiDE,TiDE,not available,710,,ANKYRA over model,,,,,,,,
LCL households,full,1215,965,TimesFM-X,TimesFM-X,ok,1215,965,ANKYRA over model,-0.01424757607865997,-0.02957456174900288,0.00829357999940999,1.414655968192735,0.9217837507781043,0.03698150924537731,0,2000
LCL households,full,1215,965,WeekProf4,4-week profile,ok,1215,965,ANKYRA over model,-0.07165079155283131,-0.09775961383161208,-0.04578235442830477,6.914409819550926,0.8661396747657812,0.0004997501249375312,0,2000
LCL households,full,1215,965,RIDGE-L,Ridge (per unit),ok,1215,965,ANKYRA over model,-0.01951388156343783,-0.03616432870383246,-0.005245183649178249,1.9324718211957248,0.9795932257548479,0.010494752623688156,0,2000
LCL households,full,1215,965,TimesFM,TimesFM,ok,1215,965,ANKYRA over model,-0.012481071155755492,-0.02623365196984691,0.01185762937420613,1.2403505622827438,0.9169005227169502,0.051974012993503245,0,2000
LCL households,full,1215,965,ANKYRA-1x-matched,ANKYRA 1.x (matched input),ok,1215,965,ANKYRA over model,-0.0067703596070241056,-0.009810167364266688,-0.0036252367471389865,0.6747492358022633,0.9867867005717202,0.0004997501249375312,0,2000
