error,comparator,windows,units,log_ratio,um_low,um_high,improvement_pct,resolved_at_seed_20261005,units_better_strict
energy,TimesFM 2.5,1165,200,-0.064491,-0.168178,0.106412,6.245,not resolved,110
energy,Chronos-2,1165,200,-0.020041,-0.103053,0.195693,1.984,not resolved,85
energy,Chronos-2-X,1165,200,0.127176,0.029911,0.319276,-13.562,second better,77
energy,TimesFM-X,1165,200,-0.065446,-0.155101,0.126519,6.335,not resolved,92
energy,Per-unit ridge,1165,200,-0.040829,-0.152563,0.262568,4.001,not resolved,111
energy,GBT (zero-shot),1165,200,-0.031894,-0.235711,0.103105,3.139,not resolved,107
energy,Holt-Winters,1165,200,-0.038615,-0.270723,0.079647,3.788,not resolved,110
energy,MSTL,1165,200,-0.086293,-0.212405,0.142195,8.267,not resolved,111
energy,Seasonal naive (day),1165,200,-0.322397,-0.468315,-0.079716,27.559,first better,166
energy,Seasonal naive (week),1165,200,-0.060220,-0.177409,0.124833,5.844,not resolved,103
energy,Four-week profile,1165,200,-0.003456,-0.466207,0.192926,0.345,not resolved,113
energy,Previous-month profile,1165,200,-0.031126,-0.344724,0.199479,3.065,not resolved,117
energy,Last-year profile,1165,200,-0.281617,-0.680296,-0.117882,24.544,first better,161
hourly,TimesFM 2.5,1165,200,-0.050438,-0.108627,0.018187,4.919,not resolved,153
hourly,Chronos-2,1165,200,-0.026220,-0.077636,0.046205,2.588,not resolved,111
hourly,Chronos-2-X,1165,200,0.054424,0.000763,0.106086,-5.593,second better,87
hourly,TimesFM-X,1165,200,-0.052881,-0.125895,0.027745,5.151,not resolved,121
hourly,Per-unit ridge,1165,200,-0.052877,-0.120699,-0.004975,5.150,first better,154
hourly,GBT (zero-shot),1165,200,-0.159548,-0.425221,-0.087622,14.747,first better,182
hourly,Holt-Winters,1165,200,-0.085803,-0.308481,-0.027600,8.222,first better,143
hourly,MSTL,1165,200,-0.109584,-0.205757,-0.024376,10.379,first better,165
hourly,Seasonal naive (day),1165,200,-0.332717,-0.553148,-0.262459,28.303,first better,189
hourly,Seasonal naive (week),1165,200,-0.123052,-0.222419,-0.023287,11.578,first better,176
hourly,Four-week profile,1165,200,-0.059219,-0.288663,0.008483,5.750,not resolved,140
hourly,Previous-month profile,1165,200,-0.127670,-0.490512,-0.048314,11.986,first better,169
hourly,Last-year profile,1165,200,-0.249467,-0.518715,-0.139405,22.078,first better,176
