face,comparator_key,comparator_label,status,registered_windows,registered_units,available_windows,units_scored,direction,log_RMS_ratio,improvement_percent,UM95_log_RMS_lower,UM95_log_RMS_upper,pooled_MSE_ratio,bootstrap_one_sided_p_unadjusted,bootstrap_zero_draws,bootstrap_valid_draws
all_registered,Chronos-2-X,Chronos-2-X,ok,1215,965,1215,965,ANKYRA_over_comparator,-0.015502486446507141,1.53829414489568,-0.03088147323682422,0.006931942656429483,0.8973767579420253,0.02498750624687656,0,2000
all_registered,Chronos-2,Chronos-2,ok,1215,965,1215,965,ANKYRA_over_comparator,-0.011700089792753587,1.1631909904833537,-0.026008145190405212,0.010800321383437051,0.9200501567388357,0.06696651674162919,0,2000
all_registered,DLinear,DLinear,not_available_on_all_registered_windows,1215,965,710,,ANKYRA_over_comparator,,,,,,,,
all_registered,old_1x,ANKYRA 1.x archived input,ok,1215,965,1215,965,ANKYRA_over_comparator,-0.006266434386940469,0.6246841234741396,-0.009460041505006202,-0.003017479023652659,0.9913121876914092,0.0009995002498750624,0,2000
all_registered,GBT-T,GBT-T,not_available_on_all_registered_windows,1215,965,710,,ANKYRA_over_comparator,,,,,,,,
all_registered,GBT,GBT,ok,1215,965,1215,965,ANKYRA_over_comparator,-0.3307386487033508,28.160710257678122,-0.4716486669623544,-0.1719012284156468,0.3335395828644653,0.0004997501249375312,0,2000
all_registered,Holt-Winters,Holt-Winters,ok,1215,965,1215,965,ANKYRA_over_comparator,-0.11374759261141167,10.751680319195911,-0.14357790615327967,-0.08106293713551947,0.6633246335719237,0.0004997501249375312,0,2000
all_registered,iTransformer-X,iTransformer-X,not_available_on_all_registered_windows,1215,965,710,,ANKYRA_over_comparator,,,,,,,,
all_registered,iTransformer,iTransformer,not_available_on_all_registered_windows,1215,965,710,,ANKYRA_over_comparator,,,,,,,,
all_registered,LSTM,LSTM,not_available_on_all_registered_windows,1215,965,710,,ANKYRA_over_comparator,,,,,,,,
all_registered,LYR-profile,LYR-profile,ok,1215,965,1215,965,ANKYRA_over_comparator,-0.35341602431359226,29.77150350261035,-0.380535722879425,-0.33003038859721645,0.5434684350858852,0.0004997501249375312,0,2000
all_registered,MSTL,MSTL,ok,1215,965,1215,965,ANKYRA_over_comparator,-0.2514083995481954,22.229530755165516,-0.2805909944176232,-0.21643756844277362,0.5999778364610137,0.0004997501249375312,0,2000
all_registered,PatchTST,PatchTST,not_available_on_all_registered_windows,1215,965,710,,ANKYRA_over_comparator,,,,,,,,
all_registered,SN-day,SN-day,ok,1215,965,1215,965,ANKYRA_over_comparator,-0.26796486778109035,23.50653455174666,-0.2994576320432467,-0.22861723425387778,0.5573715386781415,0.0004997501249375312,0,2000
all_registered,SN-week,SN-week,ok,1215,965,1215,965,ANKYRA_over_comparator,-0.2774769442287376,24.230696640113713,-0.323071958517587,-0.23137075313160874,0.5608526026971264,0.0004997501249375312,0,2000
all_registered,SP-profile,SP-profile,ok,1215,965,1215,965,ANKYRA_over_comparator,-0.038561389937074524,3.7827364790831597,-0.07109362874736988,-0.013364357464208174,0.8978613601548202,0.013493253373313344,0,2000
all_registered,TiDE,TiDE,not_available_on_all_registered_windows,1215,965,710,,ANKYRA_over_comparator,,,,,,,,
all_registered,TimesFM-X,TimesFM-X,ok,1215,965,1215,965,ANKYRA_over_comparator,-0.01424757607865997,1.414655968192735,-0.02957456174900288,0.00829357999940999,0.9217837507781043,0.03698150924537731,0,2000
all_registered,WeekProf4,WeekProf4,ok,1215,965,1215,965,ANKYRA_over_comparator,-0.07165079155283131,6.914409819550926,-0.09775961383161208,-0.04578235442830477,0.8661396747657812,0.0004997501249375312,0,2000
all_registered,RIDGE,RIDGE,ok,1215,965,1215,965,ANKYRA_over_comparator,-0.01951388156343783,1.9324718211957248,-0.03616432870383246,-0.005245183649178249,0.9795932257548479,0.010494752623688156,0,2000
all_registered,TimesFM,TimesFM,ok,1215,965,1215,965,ANKYRA_over_comparator,-0.012481071155755492,1.2403505622827438,-0.02623365196984691,0.01185762937420613,0.9169005227169502,0.051974012993503245,0,2000
all_registered,matched_1x,ANKYRA 1.x matched input,ok,1215,965,1215,965,ANKYRA_over_comparator,-0.0067703596070241056,0.6747492358022633,-0.009810167364266688,-0.0036252367471389865,0.9867867005717202,0.0004997501249375312,0,2000
