set,tier,subset,windows,units,contrast,error,log_ratio,um_low,um_high,improvement_pct,resolved
BDG2 2017,test,late,474,142,ANKYRA vs TimesFM-8736,hourly,-0.32794031705712384,-1.0895156387559917,0.031427978793729466,27.95939856267321,not resolved
BDG2 2017,test,late,474,142,ANKYRA vs Chronos-2-8192,hourly,-0.464415859934445,-1.2432049686306974,-0.08849517842126896,37.14978687419569,first better
BDG2 2017,test,late,474,142,ANKYRA-T8736 vs TimesFM-8736,hourly,-0.029209785182196468,-0.05054122950064752,0.062097978635575035,2.8787302938943493,not resolved
BDG2 2017,test,late,474,142,TimesFM-8736 vs TimesFM-1344,hourly,0.30025988397235515,-0.06353056807196468,1.2403540908520225,-35.020965983349896,not resolved
BDG2 2017,test,late,474,142,ANKYRA vs TimesFM-1344,hourly,-0.027680433084768762,-0.07825404464180459,0.2391996404964664,2.7300840391063175,not resolved
BDG2 2017,test,late,474,142,ANKYRA vs TimesFM-8736,energy,-0.30384276533393134,-1.080488711741787,0.09403575614571551,26.202310712101806,not resolved
BDG2 2017,test,late,474,142,ANKYRA vs Chronos-2-8192,energy,-0.5540210447396083,-1.3297257222650358,-0.10551212196435233,42.53654725717823,first better
BDG2 2017,test,late,474,142,ANKYRA-T8736 vs TimesFM-8736,energy,-0.09367195519555933,-0.17424546364632906,0.10044485753422161,8.941857524384321,not resolved
BDG2 2017,test,late,474,142,TimesFM-8736 vs TimesFM-1344,energy,0.16173855985223412,-0.17927826839104732,1.1350619665644228,-17.555286442783768,not resolved
BDG2 2017,test,late,474,142,ANKYRA vs TimesFM-1344,energy,-0.14210420548169722,-0.24173003636446144,0.2040594806365779,13.246914969455725,not resolved
Cambridge,test,late,730,108,ANKYRA vs TimesFM-8736,hourly,-0.051128253753051085,-0.08094968303258578,-0.013917756737569162,4.984319845826846,first better
Cambridge,test,late,730,108,ANKYRA vs Chronos-2-8192,hourly,-0.10043471089725163,-0.1368997717515697,-0.052077156474610975,9.555583916711296,first better
Cambridge,test,late,730,108,ANKYRA-T8736 vs TimesFM-8736,hourly,-0.06201055281177422,-0.08537920843689974,-0.03453245904641907,6.012703156377186,first better
Cambridge,test,late,730,108,TimesFM-8736 vs TimesFM-1344,hourly,-0.03525304837826103,-0.06106182533399085,-0.009640255798739585,3.463889771412676,first better
Cambridge,test,late,730,108,ANKYRA vs TimesFM-1344,hourly,-0.08638130213131212,-0.11486429944815013,-0.05208600316926212,8.275558271925432,first better
Cambridge,test,late,730,108,ANKYRA vs TimesFM-8736,energy,-0.10291268013948572,-0.2126011716395729,0.02210473744448065,9.779424947764292,not resolved
Cambridge,test,late,730,108,ANKYRA vs Chronos-2-8192,energy,-0.22064872191252796,-0.34356958730987064,-0.1039505873664572,19.800164473743166,first better
Cambridge,test,late,730,108,ANKYRA-T8736 vs TimesFM-8736,energy,-0.14232697127371538,-0.23469249926234742,-0.036376808230462354,13.266238436768907,first better
Cambridge,test,late,730,108,TimesFM-8736 vs TimesFM-1344,energy,-0.051722472986023005,-0.18001624069289743,0.03736475406753175,5.0407632188786184,not resolved
Cambridge,test,late,730,108,ANKYRA vs TimesFM-1344,energy,-0.1546351531255087,-0.2624378253560166,-0.0660934181269915,14.327230510858158,first better
HEEW Arizona,test,late,658,138,ANKYRA vs TimesFM-8736,hourly,0.010077305340778797,-0.019203760665120403,0.08113119075929515,-1.0128252374704383,not resolved
HEEW Arizona,test,late,658,138,ANKYRA vs Chronos-2-8192,hourly,-0.06122836371455251,-0.10308009436955637,0.01234969885638622,5.939158558367064,not resolved
HEEW Arizona,test,late,658,138,ANKYRA-T8736 vs TimesFM-8736,hourly,-0.011031897391171849,-0.0314439358535156,0.05213091811094608,1.0971269164084752,not resolved
HEEW Arizona,test,late,658,138,TimesFM-8736 vs TimesFM-1344,hourly,-0.047570621290452475,-0.08219386877588795,0.002879981579898604,4.645686969162877,not resolved
HEEW Arizona,test,late,658,138,ANKYRA vs TimesFM-1344,hourly,-0.03749331594967369,-0.0650885048253833,0.06838524547876049,3.679914421770003,not resolved
HEEW Arizona,test,late,658,138,ANKYRA vs TimesFM-8736,energy,0.035011961847391776,-0.07136188643656452,0.24343690424544048,-3.5632096798627444,not resolved
HEEW Arizona,test,late,658,138,ANKYRA vs Chronos-2-8192,energy,-0.08503299324386437,-0.2440936028509213,0.11338029786239945,8.151801979841466,not resolved
HEEW Arizona,test,late,658,138,ANKYRA-T8736 vs TimesFM-8736,energy,0.011223659595706044,-0.09511912751834604,0.19900985866045967,-1.1286881167477336,not resolved
HEEW Arizona,test,late,658,138,TimesFM-8736 vs TimesFM-1344,energy,-0.07450597299537894,-0.19940955417855896,0.017659778765742415,7.1798070103412215,not resolved
HEEW Arizona,test,late,658,138,ANKYRA vs TimesFM-1344,energy,-0.03949401114798717,-0.14709014040000626,0.12738199138481482,3.872428908866432,not resolved
EWELD,test,late,523,197,ANKYRA vs TimesFM-8736,hourly,-0.020899049200276264,-0.11595953663819535,0.12057530283242024,2.0682177503153043,not resolved
EWELD,test,late,523,197,ANKYRA vs Chronos-2-8192,hourly,-0.05902664164938899,-0.1878097966871884,0.08095919899246264,5.73183457715677,not resolved
EWELD,test,late,523,197,ANKYRA-T8736 vs TimesFM-8736,hourly,-0.00862336027012307,-0.02917903230413715,0.030114445104326308,0.8586285744483835,not resolved
EWELD,test,late,523,197,TimesFM-8736 vs TimesFM-1344,hourly,-0.005336806831828512,-0.13232057121933774,0.10336965638760827,0.532259137786828,not resolved
EWELD,test,late,523,197,ANKYRA vs TimesFM-1344,hourly,-0.02623585603210478,-0.05679597878985052,0.08576686716670257,2.589468610136747,not resolved
EWELD,test,late,523,197,ANKYRA vs TimesFM-8736,energy,-0.03396378710640356,-0.23611149216886826,0.18386922158199712,3.3393492377666756,not resolved
EWELD,test,late,523,197,ANKYRA vs Chronos-2-8192,energy,-0.14953326819397023,-0.378379985702185,0.1357852194851979,13.889021002435321,not resolved
EWELD,test,late,523,197,ANKYRA-T8736 vs TimesFM-8736,energy,-0.04277294886590038,-0.21159648789414875,0.12452594949184817,4.187109037239067,not resolved
EWELD,test,late,523,197,TimesFM-8736 vs TimesFM-1344,energy,-0.0344411344303318,-0.2481428681829295,0.14080934914008086,3.385478929918706,not resolved
EWELD,test,late,523,197,ANKYRA vs TimesFM-1344,energy,-0.06840492153673537,-0.28950531813318553,0.14502352636630064,6.611775202844383,not resolved
GoiEner non-household,test,late,890,481,ANKYRA vs TimesFM-8736,hourly,-0.008800041545126626,-0.033736766266608,0.07415975946887253,0.8761434510365262,not resolved
GoiEner non-household,test,late,890,481,ANKYRA vs Chronos-2-8192,hourly,-0.00896923955952859,-0.0407093406348219,0.031996769461841955,0.8929135919672038,not resolved
GoiEner non-household,test,late,890,481,ANKYRA-T8736 vs TimesFM-8736,hourly,-0.03757451861148519,-0.056820040530027274,0.025443328383944624,3.687735551552296,not resolved
GoiEner non-household,test,late,890,481,TimesFM-8736 vs TimesFM-1344,hourly,-0.04732464242766812,-0.07112346951764596,-0.012685225252191528,4.622228938710416,first better
GoiEner non-household,test,late,890,481,ANKYRA vs TimesFM-1344,hourly,-0.056124683972794756,-0.08261632874253137,0.034398994777783985,5.4578750336085164,not resolved
GoiEner non-household,test,late,890,481,ANKYRA vs TimesFM-8736,energy,-0.2028412855036213,-0.360672638681598,-0.01278248057822395,18.359219310271,first better
GoiEner non-household,test,late,890,481,ANKYRA vs Chronos-2-8192,energy,-0.23554055405827345,-0.37046703569644174,-0.09003197308106907,20.985638117130957,first better
GoiEner non-household,test,late,890,481,ANKYRA-T8736 vs TimesFM-8736,energy,-0.21787805863809664,-0.36448573638390447,-0.08040022119154218,19.577649620314908,first better
GoiEner non-household,test,late,890,481,TimesFM-8736 vs TimesFM-1344,energy,-0.08373593821382568,-0.2545408579669446,0.029461229250126668,8.032592518696513,not resolved
GoiEner non-household,test,late,890,481,ANKYRA vs TimesFM-1344,energy,-0.286577223717447,-0.4873278845401078,-0.08276696039857137,24.917090552159593,first better
GoiEner households,test,late,696,696,ANKYRA vs TimesFM-8736,hourly,0.06923589403609606,0.018616594711966007,0.14081232640253494,-7.168898437305349,second better
GoiEner households,test,late,696,696,ANKYRA vs Chronos-2-8192,hourly,0.03928590255921309,0.0007491345671988026,0.09692657967155212,-4.006779919203951,second better
GoiEner households,test,late,696,696,ANKYRA-T8736 vs TimesFM-8736,hourly,0.037421078769524385,0.003349838191309764,0.09424894918776595,-3.813006334671898,second better
GoiEner households,test,late,696,696,TimesFM-8736 vs TimesFM-1344,hourly,-0.03473906107055972,-0.08523920473178125,0.00792590898802081,3.414258682238014,not resolved
GoiEner households,test,late,696,696,ANKYRA vs TimesFM-1344,hourly,0.03449683296553634,0.002531364169907454,0.08723619218258559,-3.5098750177508187,second better
GoiEner households,test,late,696,696,ANKYRA vs TimesFM-8736,energy,-0.20158614795717336,-0.3528785315927671,-0.060522340646183226,18.256684566963777,first better
GoiEner households,test,late,696,696,ANKYRA vs Chronos-2-8192,energy,-0.2744302479263862,-0.40250967594699266,-0.13428536323288512,23.999498567417398,first better
GoiEner households,test,late,696,696,ANKYRA-T8736 vs TimesFM-8736,energy,-0.2863148150834647,-0.43053788172214486,-0.16327775874991865,24.897385563189424,first better
GoiEner households,test,late,696,696,TimesFM-8736 vs TimesFM-1344,energy,-0.09420934890214248,-0.1954572989137516,-0.0005670269739472329,8.990778451007497,first better
GoiEner households,test,late,696,696,ANKYRA vs TimesFM-1344,energy,-0.29579549685931583,-0.41589017627724023,-0.1750140051698984,25.606044956056284,first better
Oslo,preview,late,581,41,ANKYRA vs TimesFM-8736,hourly,-0.10993462100118746,-0.1671040606370215,-0.06561811391351091,10.410729404997953,first better
Oslo,preview,late,581,41,ANKYRA vs Chronos-2-8192,hourly,-0.13972534844604745,-0.2169546236114469,-0.06756360664048232,13.040296121854155,first better
Oslo,preview,late,581,41,ANKYRA-T8736 vs TimesFM-8736,hourly,-0.10315114554674314,-0.14218844877497716,-0.06812707183023614,9.800936868910659,first better
Oslo,preview,late,581,41,TimesFM-8736 vs TimesFM-1344,hourly,-0.006368713481151796,-0.049133090355782595,0.04819773616000852,0.6348476210034315,not resolved
Oslo,preview,late,581,41,ANKYRA vs TimesFM-1344,hourly,-0.11630333448233929,-0.15058941887685587,-0.08059800637760853,10.979484758044656,first better
Oslo,preview,late,581,41,ANKYRA vs TimesFM-8736,energy,-0.1815426231071979,-0.2895017859148806,-0.08108915978570928,16.601730238801306,first better
Oslo,preview,late,581,41,ANKYRA vs Chronos-2-8192,energy,-0.22337141255661114,-0.3507428289661833,-0.07909365252199425,20.01822682272001,first better
Oslo,preview,late,581,41,ANKYRA-T8736 vs TimesFM-8736,energy,-0.1688325164428882,-0.2687828729353435,-0.0878298593718106,15.534964341360203,first better
Oslo,preview,late,581,41,TimesFM-8736 vs TimesFM-1344,energy,0.0008348032644375916,-0.08946302860800083,0.14034067080229642,-0.08351518096649801,not resolved
Oslo,preview,late,581,41,ANKYRA vs TimesFM-1344,energy,-0.1807078198427603,-0.28554875496750204,-0.03581398526817932,16.532080022887317,first better
Drammen,preview,late,689,43,ANKYRA vs TimesFM-8736,hourly,-0.06745449098789807,-0.10144325264359437,-0.028887404312172363,6.522973988086489,first better
Drammen,preview,late,689,43,ANKYRA vs Chronos-2-8192,hourly,-0.0793802565600094,-0.1564557678031543,-0.004835362441296235,7.631138100056079,first better
Drammen,preview,late,689,43,ANKYRA-T8736 vs TimesFM-8736,hourly,-0.08461929328076491,-0.12043040730364162,-0.04940018016772678,8.113796522823735,first better
Drammen,preview,late,689,43,TimesFM-8736 vs TimesFM-1344,hourly,-0.06811988074015603,-0.12093631565230557,-0.020559238585054308,6.5851519546814,first better
Drammen,preview,late,689,43,ANKYRA vs TimesFM-1344,hourly,-0.13557437172805412,-0.19817524396390315,-0.07624921832537644,12.67857819368805,first better
Drammen,preview,late,689,43,ANKYRA vs TimesFM-8736,energy,-0.10106379417908891,-0.25315630830730806,0.02366930836120434,9.612463094059242,not resolved
Drammen,preview,late,689,43,ANKYRA vs Chronos-2-8192,energy,-0.1245769863202455,-0.3653667807596758,0.04339168532944995,11.712971018488505,not resolved
Drammen,preview,late,689,43,ANKYRA-T8736 vs TimesFM-8736,energy,-0.13133113036833388,-0.30269786443467184,-0.014265038740481807,12.307265096671804,first better
Drammen,preview,late,689,43,TimesFM-8736 vs TimesFM-1344,energy,-0.12778460496790683,-0.2610162418301119,-0.037585759333249015,11.995708439664499,first better
Drammen,preview,late,689,43,ANKYRA vs TimesFM-1344,energy,-0.2288483991469957,-0.4709360078104011,-0.07633924647063163,20.455088487090045,first better
CINELDI,preview,late,475,45,ANKYRA vs TimesFM-8736,hourly,-0.036233060141401194,-0.0728040797949752,-0.002731794011864167,3.558449952391496,first better
CINELDI,preview,late,475,45,ANKYRA vs Chronos-2-8192,hourly,-0.05095949062032702,-0.08735787176250234,-0.012680366691864866,4.968283348839453,first better
CINELDI,preview,late,475,45,ANKYRA-T8736 vs TimesFM-8736,hourly,-0.048343404746740364,-0.0778157997659004,-0.01994974584609167,4.7193467395670545,first better
CINELDI,preview,late,475,45,TimesFM-8736 vs TimesFM-1344,hourly,-0.031211855169734893,-0.05254554167562715,-0.004605552133963964,3.072979358129979,first better
CINELDI,preview,late,475,45,ANKYRA vs TimesFM-1344,hourly,-0.0674449153111361,-0.10428506981511246,-0.02880582303230373,6.522078878015092,first better
CINELDI,preview,late,475,45,ANKYRA vs TimesFM-8736,energy,-0.11575833859001583,-0.23289341336390013,-0.013870926373975955,10.930955720043256,first better
CINELDI,preview,late,475,45,ANKYRA vs Chronos-2-8192,energy,-0.15202318152540206,-0.2758804718674646,-0.03409774388241122,14.10316316867255,first better
CINELDI,preview,late,475,45,ANKYRA-T8736 vs TimesFM-8736,energy,-0.13386623295202926,-0.2525925218077216,-0.04129607233192216,12.529293624039806,first better
CINELDI,preview,late,475,45,TimesFM-8736 vs TimesFM-1344,energy,-0.059576378193925035,-0.12345362881516624,0.0774503960262383,5.783642990882154,not resolved
CINELDI,preview,late,475,45,ANKYRA vs TimesFM-1344,energy,-0.17533471678394086,-0.2693951996968646,-0.05587679749848163,16.082391256586703,first better
Suzhou park,preview,late,64,4,ANKYRA vs TimesFM-8736,hourly,-0.08203835171738093,-0.19864150202677974,0.00920584282836177,7.876337298792258,not resolved
Suzhou park,preview,late,64,4,ANKYRA vs Chronos-2-8192,hourly,-0.12943840475518167,-0.26328403715990595,-0.002037883572965266,12.141129636409575,first better
Suzhou park,preview,late,64,4,ANKYRA-T8736 vs TimesFM-8736,hourly,-0.09769543516014828,-0.19907063483356977,-0.02023452640164351,9.30749208133771,first better
Suzhou park,preview,late,64,4,TimesFM-8736 vs TimesFM-1344,hourly,-0.03010200849894116,-0.09579015762414127,0.03648414139643631,2.965345509474593,not resolved
Suzhou park,preview,late,64,4,ANKYRA vs TimesFM-1344,hourly,-0.11214036021632212,-0.19437011404711213,-0.02629220477225769,10.608122193866043,first better
Suzhou park,preview,late,64,4,ANKYRA vs TimesFM-8736,energy,-0.13173751401993528,-0.3847446430402813,0.044063730187749846,12.342894750356004,not resolved
Suzhou park,preview,late,64,4,ANKYRA vs Chronos-2-8192,energy,-0.20151664129861463,-0.5172456540501567,0.10203627687414998,18.251002664785787,not resolved
Suzhou park,preview,late,64,4,ANKYRA-T8736 vs TimesFM-8736,energy,-0.14773292185465123,-0.34066547383498147,0.009171353378795854,13.733851779362327,not resolved
Suzhou park,preview,late,64,4,TimesFM-8736 vs TimesFM-1344,energy,-0.04025933977844716,-0.18110030441251412,0.12309070073537555,3.94596994607882,not resolved
Suzhou park,preview,late,64,4,ANKYRA vs TimesFM-1344,energy,-0.17199685379838245,-0.38568243824194626,0.027102855529271615,15.801817779109628,not resolved
