set,tier,model,model_label,RMSSE_median_unit,RMSSE_geo_mean,MASE_median_unit,MASE_geo_mean,units,units_below_1_share
BDG2 2017,test,ANKYRA,ANKYRA,1.024,1.1324,1.0732,1.2398,134,0.4851
BDG2 2017,test,RIDGE-L,Ridge (per unit),1.1044,1.2124,1.1535,1.3579,134,0.403
BDG2 2017,test,Chronos-2-X,Chronos-2-X,0.9918,1.0917,1.0251,1.1511,134,0.5075
BDG2 2017,test,GBT-T,GBT-T,1.0357,1.1596,1.158,1.3541,134,0.4701
BDG2 2017,test,DLinear,DLinear,1.1583,1.2867,1.2703,1.4779,134,0.3806
BDG2 2017,test,TimesFM,TimesFM,1.08,1.1587,1.0846,1.2165,134,0.4478
BDG2 2017,test,TimesFM-X,TimesFM-X,1.0655,1.2042,1.1218,1.2953,134,0.4179
BDG2 2017,test,TiDE,TiDE,1.163,1.2885,1.287,1.4825,134,0.3806
BDG2 2017,test,Chronos-2,Chronos-2,1.0798,1.2061,1.115,1.2488,134,0.3955
BDG2 2017,test,iTransformer,iTransformer,1.1182,1.272,1.2369,1.4356,134,0.3881
BDG2 2017,test,PatchTST,PatchTST,1.1438,1.2779,1.2744,1.4619,134,0.3881
BDG2 2017,test,iTransformer-X,iTransformer-X,1.1715,1.2804,1.2774,1.4446,134,0.3806
BDG2 2017,test,LYR-profile,Last-year profile,1.2283,1.3791,1.3317,1.5665,134,0.2985
BDG2 2017,test,LSTM,LSTM,1.2823,1.4024,1.5194,1.6697,134,0.291
BDG2 2017,test,WeekProf4,4-week profile,1.2036,1.3509,1.2701,1.4827,134,0.3433
BDG2 2017,test,MSTL,MSTL,1.2769,1.3877,1.3428,1.5114,134,0.2687
BDG2 2017,test,Holt-Winters,Holt-Winters,1.2744,1.4188,1.3576,1.5961,134,0.2761
BDG2 2017,test,SN-week,Seasonal naive (week),1.2621,1.3995,1.2653,1.453,134,0.2463
BDG2 2017,test,SP-profile,Previous-month profile,1.3383,1.4741,1.5874,1.7879,134,0.2985
BDG2 2017,test,SN-day,Seasonal naive (day),1.6858,1.7228,1.7399,1.8432,134,0.1642
BDG2 2017,test,GBT,GBT (zero-shot),1.9712,1.8865,1.8197,1.9083,134,0.1343
Cambridge,test,ANKYRA,ANKYRA,1.121,1.2073,1.1172,1.1797,108,0.3333
Cambridge,test,iTransformer-X,iTransformer-X,1.1755,1.2283,1.1986,1.2256,108,0.2963
Cambridge,test,Chronos-2-X,Chronos-2-X,1.1919,1.2357,1.1392,1.1748,108,0.3056
Cambridge,test,GBT-T,GBT-T,1.2004,1.296,1.2239,1.269,108,0.3241
Cambridge,test,RIDGE-L,Ridge (per unit),1.2056,1.2803,1.2159,1.2824,108,0.2593
Cambridge,test,iTransformer,iTransformer,1.2397,1.287,1.2441,1.2751,108,0.25
Cambridge,test,PatchTST,PatchTST,1.2504,1.289,1.2339,1.2804,108,0.2315
Cambridge,test,TimesFM,TimesFM,1.2071,1.3061,1.1649,1.2315,108,0.1944
Cambridge,test,TimesFM-X,TimesFM-X,1.2252,1.3068,1.222,1.2724,108,0.1944
Cambridge,test,Chronos-2,Chronos-2,1.2201,1.3159,1.1511,1.2316,108,0.2037
Cambridge,test,WeekProf4,4-week profile,1.2929,1.3376,1.219,1.2859,108,0.2315
Cambridge,test,DLinear,DLinear,1.4131,1.5014,1.4966,1.5577,108,0.1389
Cambridge,test,TiDE,TiDE,1.4504,1.5594,1.5579,1.6294,108,0.1296
Cambridge,test,Holt-Winters,Holt-Winters,1.3519,1.4326,1.3572,1.4224,108,0.1574
Cambridge,test,SP-profile,Previous-month profile,1.4421,1.4968,1.593,1.6221,108,0.1296
Cambridge,test,GBT,GBT (zero-shot),1.5556,1.5509,1.5969,1.5664,108,0.0833
Cambridge,test,MSTL,MSTL,1.4561,1.4874,1.4494,1.4727,108,0.1019
Cambridge,test,LSTM,LSTM,1.6604,1.7826,1.7455,1.8688,108,0.0926
Cambridge,test,SN-week,Seasonal naive (week),1.4585,1.5004,1.4111,1.4216,108,0.0833
Cambridge,test,LYR-profile,Last-year profile,1.8406,2.0383,1.8822,2.0198,108,0.0278
Cambridge,test,SN-day,Seasonal naive (day),1.9215,1.9487,1.9392,1.8958,108,0.037
HEEW Arizona,test,ANKYRA,ANKYRA,1.062,1.1417,1.0972,1.2864,138,0.3841
HEEW Arizona,test,Chronos-2-X,Chronos-2-X,1.0998,1.1514,1.1041,1.2291,138,0.3406
HEEW Arizona,test,TimesFM,TimesFM,1.1051,1.1746,1.1321,1.2076,138,0.3478
HEEW Arizona,test,RIDGE-L,Ridge (per unit),1.1234,1.2135,1.1779,1.3967,138,0.3043
HEEW Arizona,test,TimesFM-X,TimesFM-X,1.1148,1.1948,1.1617,1.2873,138,0.3333
HEEW Arizona,test,GBT-T,GBT-T,1.1451,1.2589,1.2405,1.4905,138,0.3406
HEEW Arizona,test,iTransformer-X,iTransformer-X,1.1342,1.2062,1.2487,1.3886,138,0.2826
HEEW Arizona,test,PatchTST,PatchTST,1.1364,1.2148,1.2193,1.3914,138,0.3043
HEEW Arizona,test,Chronos-2,Chronos-2,1.1442,1.1984,1.164,1.2584,138,0.3116
HEEW Arizona,test,iTransformer,iTransformer,1.1551,1.2478,1.2639,1.4331,138,0.2246
HEEW Arizona,test,DLinear,DLinear,1.347,1.5269,1.4826,1.8835,138,0.1739
HEEW Arizona,test,TiDE,TiDE,1.3346,1.5225,1.4818,1.8745,138,0.1812
HEEW Arizona,test,MSTL,MSTL,1.2003,1.3051,1.2841,1.4249,138,0.1957
HEEW Arizona,test,WeekProf4,4-week profile,1.2293,1.3221,1.3021,1.409,138,0.1884
HEEW Arizona,test,Holt-Winters,Holt-Winters,1.2711,1.3552,1.3755,1.4922,138,0.1812
HEEW Arizona,test,SN-week,Seasonal naive (week),1.2734,1.3565,1.3062,1.3995,138,0.1667
HEEW Arizona,test,SP-profile,Previous-month profile,1.3287,1.4268,1.5033,1.6419,138,0.0797
HEEW Arizona,test,SN-day,Seasonal naive (day),1.4733,1.5231,1.5461,1.6008,138,0.1014
HEEW Arizona,test,LSTM,LSTM,1.6476,1.8302,1.9137,2.3168,138,0.058
HEEW Arizona,test,GBT,GBT (zero-shot),1.5216,1.5979,1.6387,1.7461,138,0.058
HEEW Arizona,test,LYR-profile,Last-year profile,1.7406,2.1573,1.9062,2.514,138,0.0435
EWELD,test,ANKYRA,ANKYRA,0.8826,0.7432,0.987,0.929,150,0.64
EWELD,test,TimesFM,TimesFM,0.9394,0.762,0.9564,0.9005,150,0.6067
EWELD,test,Chronos-2,Chronos-2,0.9111,0.8084,0.9684,0.9489,150,0.5933
EWELD,test,RIDGE-L,Ridge (per unit),0.9203,0.9219,1.0111,1.1089,150,0.58
EWELD,test,iTransformer-X,iTransformer-X,0.919,0.9499,1.0775,1.1937,150,0.5867
EWELD,test,Chronos-2-X,Chronos-2-X,0.9785,0.8726,0.9759,1.0128,150,0.5133
EWELD,test,TimesFM-X,TimesFM-X,0.9025,0.8903,0.9652,1.0696,150,0.6067
EWELD,test,iTransformer,iTransformer,0.9079,0.9725,1.0916,1.2339,150,0.6
EWELD,test,WeekProf4,4-week profile,0.9589,1.1088,1.0662,1.2718,150,0.52
EWELD,test,SP-profile,Previous-month profile,1.0003,1.0455,1.1654,1.2884,150,0.5
EWELD,test,PatchTST,PatchTST,0.9218,1.0191,1.1254,1.3176,150,0.5933
EWELD,test,SN-day,Seasonal naive (day),1.0922,1.1819,1.1096,1.2609,150,0.4067
EWELD,test,DLinear,DLinear,0.9864,1.0811,1.144,1.4201,150,0.5333
EWELD,test,TiDE,TiDE,0.9922,1.083,1.1532,1.4264,150,0.5133
EWELD,test,MSTL,MSTL,1.066,1.0665,1.1638,1.2864,150,0.4267
EWELD,test,SN-week,Seasonal naive (week),1.141,1.2089,1.1496,1.2975,150,0.4067
EWELD,test,Holt-Winters,Holt-Winters,1.1271,1.1594,1.3077,1.4258,150,0.3867
EWELD,test,GBT-T,GBT-T,1.0534,1.3669,1.2245,1.5435,150,0.4333
EWELD,test,LSTM,LSTM,1.1246,1.235,1.3934,1.6635,150,0.3333
EWELD,test,GBT,GBT (zero-shot),1.2857,1.1363,1.3989,1.2888,150,0.2533
EWELD,test,LYR-profile,Last-year profile,1.7418,1.78,1.8756,2.1561,150,0.18
GoiEner non-household,test,ANKYRA,ANKYRA,0.8944,0.9061,1.0126,1.112,481,0.5925
GoiEner non-household,test,iTransformer,iTransformer,0.8977,0.9632,1.088,1.2411,481,0.5925
GoiEner non-household,test,RIDGE-L,Ridge (per unit),0.9644,1.0389,1.166,1.3194,481,0.5281
GoiEner non-household,test,iTransformer-X,iTransformer-X,0.914,0.9958,1.1251,1.3061,481,0.5696
GoiEner non-household,test,Chronos-2-X,Chronos-2-X,0.9145,0.9151,0.9362,0.9842,481,0.5863
GoiEner non-household,test,Chronos-2,Chronos-2,0.9428,0.9374,0.96,0.9978,481,0.5426
GoiEner non-household,test,TimesFM-X,TimesFM-X,0.9513,0.9918,1.0439,1.1761,481,0.5322
GoiEner non-household,test,TimesFM,TimesFM,0.9533,0.9634,0.9913,1.0595,481,0.5322
GoiEner non-household,test,DLinear,DLinear,0.9718,1.0991,1.3801,1.5997,481,0.5135
GoiEner non-household,test,TiDE,TiDE,0.9765,1.1067,1.41,1.6356,481,0.5177
GoiEner non-household,test,PatchTST,PatchTST,0.9355,1.0532,1.2933,1.5064,481,0.5634
GoiEner non-household,test,LSTM,LSTM,1.0418,1.1498,1.4266,1.6501,481,0.4532
GoiEner non-household,test,Holt-Winters,Holt-Winters,1.0482,1.1684,1.3236,1.4756,481,0.4449
GoiEner non-household,test,SP-profile,Previous-month profile,1.0742,1.2269,1.3554,1.6019,481,0.4553
GoiEner non-household,test,WeekProf4,4-week profile,1.0548,1.2035,1.1557,1.3601,481,0.4511
GoiEner non-household,test,GBT-T,GBT-T,1.2077,1.3559,1.4631,1.813,481,0.3347
GoiEner non-household,test,LYR-profile,Last-year profile,1.1591,1.3216,1.2739,1.529,481,0.3638
GoiEner non-household,test,SN-day,Seasonal naive (day),1.1926,1.2129,1.2611,1.2815,481,0.3326
GoiEner non-household,test,MSTL,MSTL,1.1025,1.2018,1.346,1.5216,481,0.3846
GoiEner non-household,test,GBT,GBT (zero-shot),1.1952,1.3269,1.5167,1.8189,481,0.3493
GoiEner non-household,test,SN-week,Seasonal naive (week),1.1528,1.2012,1.188,1.255,481,0.3285
GoiEner households,test,RIDGE-L,Ridge (per unit),0.7963,0.8389,0.9247,1.1081,696,0.75
GoiEner households,test,ANKYRA,ANKYRA,0.7959,0.7638,0.8631,0.9377,696,0.7529
GoiEner households,test,PatchTST,PatchTST,0.7961,0.8598,0.9153,1.1326,696,0.7385
GoiEner households,test,iTransformer-X,iTransformer-X,0.8026,0.8703,0.9222,1.1529,696,0.7356
GoiEner households,test,TimesFM-X,TimesFM-X,0.8107,0.7888,0.8223,0.9186,696,0.7356
GoiEner households,test,iTransformer,iTransformer,0.8066,0.8713,0.9229,1.1426,696,0.7184
GoiEner households,test,Chronos-2,Chronos-2,0.8127,0.7683,0.7904,0.8293,696,0.7227
GoiEner households,test,LSTM,LSTM,0.8265,0.8801,0.9815,1.2395,696,0.7155
GoiEner households,test,TiDE,TiDE,0.8224,0.8974,0.9569,1.2401,696,0.7313
GoiEner households,test,DLinear,DLinear,0.8193,0.8977,0.9589,1.242,696,0.7356
GoiEner households,test,Chronos-2-X,Chronos-2-X,0.8175,0.7678,0.7995,0.839,696,0.7141
GoiEner households,test,TimesFM,TimesFM,0.8153,0.7379,0.8081,0.8084,696,0.7198
GoiEner households,test,GBT-T,GBT-T,0.8425,0.9114,0.9718,1.2602,696,0.704
GoiEner households,test,SP-profile,Previous-month profile,0.8163,0.9102,0.9465,1.166,696,0.7385
GoiEner households,test,Holt-Winters,Holt-Winters,0.8518,0.9429,1.0061,1.2725,696,0.6925
GoiEner households,test,WeekProf4,4-week profile,0.8484,0.9205,0.9404,1.092,696,0.7141
GoiEner households,test,GBT,GBT (zero-shot),0.9653,1.0626,1.1415,1.4253,696,0.5445
GoiEner households,test,SN-day,Seasonal naive (day),1.0145,0.9956,1.0995,1.108,696,0.4828
GoiEner households,test,SN-week,Seasonal naive (week),1.0403,1.0451,1.0835,1.1492,696,0.4325
GoiEner households,test,MSTL,MSTL,1.0075,1.0498,1.2307,1.4266,696,0.4914
GoiEner households,test,LYR-profile,Last-year profile,1.1256,1.288,1.2141,1.4638,696,0.3204
Oslo,preview,GBT-T,GBT-T,1.0912,1.0902,1.1691,1.1862,41,0.3659
Oslo,preview,iTransformer-X,iTransformer-X,1.1612,1.1879,1.2232,1.2685,41,0.1463
Oslo,preview,ANKYRA,ANKYRA,1.2389,1.2456,1.2868,1.3245,41,0.0976
Oslo,preview,Chronos-2-X,Chronos-2-X,1.2157,1.238,1.2352,1.2526,41,0.122
Oslo,preview,iTransformer,iTransformer,1.2307,1.2405,1.3143,1.3287,41,0.1707
Oslo,preview,PatchTST,PatchTST,1.2139,1.2343,1.3534,1.3517,41,0.0976
Oslo,preview,DLinear,DLinear,1.4529,1.4975,1.5401,1.6539,41,0.0244
Oslo,preview,TiDE,TiDE,1.4509,1.503,1.5435,1.6653,41,0.0
Oslo,preview,RIDGE-L,Ridge (per unit),1.4284,1.4075,1.5521,1.5548,41,0.0
Oslo,preview,TimesFM,TimesFM,1.3723,1.397,1.3737,1.4263,41,0.0488
Oslo,preview,Chronos-2,Chronos-2,1.4118,1.4019,1.3606,1.3982,41,0.0488
Oslo,preview,TimesFM-X,TimesFM-X,1.3982,1.4154,1.5599,1.5483,41,0.0488
Oslo,preview,WeekProf4,4-week profile,1.4831,1.4903,1.5832,1.5707,41,0.0
Oslo,preview,LYR-profile,Last-year profile,1.5108,1.5722,1.6809,1.6662,41,0.0
Oslo,preview,Holt-Winters,Holt-Winters,1.5721,1.5575,1.7244,1.6771,41,0.0
Oslo,preview,LSTM,LSTM,1.6326,1.9124,1.8839,2.2169,41,0.0
Oslo,preview,SN-week,Seasonal naive (week),1.6498,1.6267,1.6559,1.6536,41,0.0
Oslo,preview,MSTL,MSTL,1.6892,1.6632,1.8033,1.7739,41,0.0
Oslo,preview,SP-profile,Previous-month profile,1.7832,1.7684,2.2244,2.211,41,0.0
Oslo,preview,GBT,GBT (zero-shot),1.9686,2.0208,2.1814,2.1567,41,0.0
Oslo,preview,SN-day,Seasonal naive (day),2.2554,2.3206,2.4166,2.3906,41,0.0
Drammen,preview,Chronos-2-X,Chronos-2-X,1.177,1.3126,1.1487,1.2508,43,0.0233
Drammen,preview,ANKYRA,ANKYRA,1.2761,1.3641,1.2207,1.318,43,0.0465
Drammen,preview,RIDGE-L,Ridge (per unit),1.1959,1.3638,1.2307,1.3624,43,0.0233
Drammen,preview,GBT-T,GBT-T,1.2644,1.4019,1.2978,1.4051,43,0.0
Drammen,preview,iTransformer,iTransformer,1.2317,1.3524,1.2286,1.3289,43,0.0233
Drammen,preview,iTransformer-X,iTransformer-X,1.2094,1.3521,1.2144,1.3307,43,0.0465
Drammen,preview,PatchTST,PatchTST,1.2629,1.4053,1.2514,1.3954,43,0.0
Drammen,preview,DLinear,DLinear,1.249,1.4062,1.2741,1.3931,43,0.0233
Drammen,preview,TiDE,TiDE,1.2543,1.4124,1.2895,1.4034,43,0.0
Drammen,preview,TimesFM-X,TimesFM-X,1.3883,1.5308,1.4035,1.5192,43,0.0233
Drammen,preview,Chronos-2,Chronos-2,1.4233,1.5363,1.3365,1.4308,43,0.0233
Drammen,preview,TimesFM,TimesFM,1.465,1.604,1.3863,1.5111,43,0.0233
Drammen,preview,Holt-Winters,Holt-Winters,1.611,1.7799,1.5893,1.7462,43,0.0
Drammen,preview,LSTM,LSTM,1.6461,1.7726,1.6344,1.7451,43,0.0
Drammen,preview,MSTL,MSTL,1.5554,1.6847,1.5193,1.6473,43,0.0
Drammen,preview,LYR-profile,Last-year profile,1.5641,1.7075,1.5487,1.6734,43,0.0
Drammen,preview,SN-week,Seasonal naive (week),1.5823,1.7162,1.5319,1.6405,43,0.0
Drammen,preview,WeekProf4,4-week profile,1.6408,1.7693,1.674,1.7787,43,0.0
Drammen,preview,GBT,GBT (zero-shot),1.8552,2.0355,1.8957,1.9661,43,0.0
Drammen,preview,SP-profile,Previous-month profile,1.8327,1.9736,2.0114,2.1105,43,0.0
Drammen,preview,SN-day,Seasonal naive (day),2.3265,2.3352,2.2783,2.2293,43,0.0
CINELDI,preview,ANKYRA,ANKYRA,1.0068,1.0425,1.0758,1.112,45,0.4667
CINELDI,preview,iTransformer-X,iTransformer-X,0.9618,1.0446,1.1549,1.1806,45,0.5556
CINELDI,preview,RIDGE-L,Ridge (per unit),1.0225,1.0728,1.1326,1.1832,45,0.4444
CINELDI,preview,PatchTST,PatchTST,1.0028,1.0687,1.1986,1.2174,45,0.4889
CINELDI,preview,TiDE,TiDE,1.0033,1.0968,1.1854,1.2728,45,0.4889
CINELDI,preview,iTransformer,iTransformer,1.0094,1.0703,1.1377,1.1952,45,0.4889
CINELDI,preview,DLinear,DLinear,1.0138,1.102,1.1895,1.2789,45,0.4889
CINELDI,preview,GBT-T,GBT-T,1.0106,1.1127,1.1539,1.2786,45,0.4889
CINELDI,preview,Chronos-2,Chronos-2,1.0651,1.0988,1.0381,1.0607,45,0.4222
CINELDI,preview,TimesFM,TimesFM,1.0743,1.1113,1.0744,1.1177,45,0.3333
CINELDI,preview,TimesFM-X,TimesFM-X,1.0601,1.1113,1.1789,1.2071,45,0.4
CINELDI,preview,Chronos-2-X,Chronos-2-X,1.1029,1.1062,1.0478,1.0879,45,0.4
CINELDI,preview,WeekProf4,4-week profile,1.0734,1.1325,1.1419,1.1797,45,0.3556
CINELDI,preview,Holt-Winters,Holt-Winters,1.1672,1.2159,1.289,1.3669,45,0.2889
CINELDI,preview,SP-profile,Previous-month profile,1.1344,1.234,1.3941,1.5218,45,0.2
CINELDI,preview,LSTM,LSTM,1.2079,1.3435,1.5578,1.6827,45,0.1556
CINELDI,preview,GBT,GBT (zero-shot),1.2229,1.3288,1.4478,1.5265,45,0.1556
CINELDI,preview,SN-week,Seasonal naive (week),1.2593,1.2954,1.2289,1.2987,45,0.0667
CINELDI,preview,MSTL,MSTL,1.2458,1.3067,1.4067,1.4681,45,0.0444
CINELDI,preview,LYR-profile,Last-year profile,1.3631,1.4989,1.3956,1.637,45,0.0222
CINELDI,preview,SN-day,Seasonal naive (day),1.6086,1.7024,1.6998,1.7989,45,0.0
Suzhou park,preview,ANKYRA,ANKYRA,1.5219,1.3981,1.2735,1.2586,4,0.25
Suzhou park,preview,TimesFM-X,TimesFM-X,1.4492,1.4137,1.274,1.2798,4,0.0
Suzhou park,preview,RIDGE-L,Ridge (per unit),1.5766,1.4522,1.324,1.349,4,0.25
Suzhou park,preview,DLinear,DLinear,1.535,1.5244,1.5301,1.5123,4,0.0
Suzhou park,preview,TiDE,TiDE,1.5298,1.5283,1.5372,1.5093,4,0.0
Suzhou park,preview,GBT-T,GBT-T,1.403,1.2907,1.2684,1.2741,4,0.25
Suzhou park,preview,iTransformer-X,iTransformer-X,1.5367,1.5408,1.5683,1.4939,4,0.0
Suzhou park,preview,TimesFM,TimesFM,1.657,1.548,1.3743,1.35,4,0.0
Suzhou park,preview,LSTM,LSTM,1.7926,1.7362,1.6777,1.7202,4,0.0
Suzhou park,preview,iTransformer,iTransformer,1.5377,1.5224,1.5397,1.467,4,0.0
Suzhou park,preview,Chronos-2-X,Chronos-2-X,1.6909,1.5788,1.3828,1.3564,4,0.0
Suzhou park,preview,MSTL,MSTL,1.6929,1.6426,1.4756,1.4978,4,0.0
Suzhou park,preview,PatchTST,PatchTST,1.5041,1.5599,1.4949,1.6036,4,0.0
Suzhou park,preview,Chronos-2,Chronos-2,1.8535,1.7528,1.5076,1.478,4,0.0
Suzhou park,preview,WeekProf4,4-week profile,1.7681,1.7347,1.5795,1.5838,4,0.0
Suzhou park,preview,SN-week,Seasonal naive (week),1.6936,1.6638,1.4862,1.4891,4,0.0
Suzhou park,preview,SN-day,Seasonal naive (day),2.0159,2.0064,1.7062,1.8126,4,0.0
Suzhou park,preview,SP-profile,Previous-month profile,1.8208,1.8451,1.783,1.8501,4,0.0
Suzhou park,preview,LYR-profile,Last-year profile,1.8882,1.9248,1.8364,1.8136,4,0.0
Suzhou park,preview,GBT,GBT (zero-shot),2.0127,2.1228,1.9912,1.9927,4,0.0
Suzhou park,preview,Holt-Winters,Holt-Winters,2.0146,1.9926,2.0283,2.0113,4,0.0
